sampleID,pond,doy,year,time,depth_m,temp_C,do_sat,do_mgl,spcond_uScm,pH,chl_ugl,pc_ugl,
P22-124-S0-C,Strickers,124,2022,10:32,0,11.6,128.3,13.85,NA,NA,NA,NA,
P22-124-S0-C,Strickers,124,2022,10:32,0.25,11.4,131.7,14.4,NA,NA,NA,NA,
P22-124-S0-C,Strickers,124,2022,10:32,0.5,9.8,151.3,13.02,NA,NA,NA,NA,
P22-124-S0-C,Strickers,124,2022,10:32,0.75,9.5,107.6,12.25,NA,NA,NA,NA,
P22-124-S0-C,Strickers,124,2022,10:32,1,9,89.8,9.97,NA,NA,NA,NA,
P22-124-T0-C,Tiedemans,124,2022,12:32,0,14.7,152.1,15.4,NA,NA,NA,NA,
P22-124-T0-C,Tiedemans,124,2022,12:32,0.25,11.2,132.3,14.74,NA,NA,NA,NA,
P22-124-T0-C,Tiedemans,124,2022,12:32,0.5,9.6,121.2,13.95,NA,NA,NA,NA,
P22-124-T0-C,Tiedemans,124,2022,12:32,0.75,9.2,115.2,13.29,NA,NA,NA,NA,
P22-131-S0-C,Strickers,131,2022,10:03,0,25.3,149.7,12.15,NA,NA,NA,NA,
P22-131-S0-C,Strickers,131,2022,10:03,0.25,24,92.8,7.81,NA,NA,NA,NA,
P22-131-S0-C,Strickers,131,2022,10:03,0.5,22,26.9,1.76,NA,NA,NA,NA,
P22-131-S0-C,Strickers,131,2022,10:03,0.75,21.4,12.1,1.02,NA,NA,NA,NA,
P22-131-T0-C,Tiedemans,131,2022,10:55,0,26.6,101.6,8.61,460.3,NA,NA,NA,
P22-131-T0-C,Tiedemans,131,2022,10:55,0.25,26,67.6,5.51,426.6,NA,NA,NA,
P22-131-T0-C,Tiedemans,131,2022,10:55,0.5,25.5,40.6,3.3,426.6,NA,NA,NA,
P22-131-T0-C,Tiedemans,131,2022,10:55,0.75,25.7,31.7,3.06,425.2,NA,NA,NA,
P22-143-S0-C,Strickers,143,2022,9:33,0.25,16.7,152.6,14.67,432.1,NA,NA,NA,
P22-143-S0-C,Strickers,143,2022,9:33,0.5,16.4,136.2,13.3,437.6,NA,NA,NA,
P22-143-S0-C,Strickers,143,2022,9:33,0.75,15.2,132.2,13.26,426.8,NA,NA,NA,
P22-143-T0-C,Tiedemans,143,2022,12:12,0,17.6,73.8,7,526,NA,NA,NA,
P22-143-T0-C,Tiedemans,143,2022,12:12,0.25,17.2,69.9,6.72,519,NA,NA,NA,
P22-143-T0-C,Tiedemans,143,2022,12:12,0.5,16.9,71.2,6.89,504,NA,NA,NA,
P22-143-T0-C,Tiedemans,143,2022,12:12,0.75,16.8,64.8,6.27,501,NA,NA,NA,
P22-151-S0-C,Strickers,151,2022,9:23,0,22.5,108.7,9.46,341.6,NA,NA,NA,
P22-151-S0-C,Strickers,151,2022,9:23,0.25,22.4,109.2,9,343.2,NA,NA,NA,
P22-151-S0-C,Strickers,151,2022,9:23,0.5,22.4,92.9,7.8,341,NA,NA,NA,
P22-151-S0-C,Strickers,151,2022,9:23,0.75,22.4,9.2,0.85,341.6,NA,NA,NA,
P22-151-T0-C,Tiedemans,151,2022,9:23,0,22.9,123.1,10.57,411.9,NA,NA,NA,
P22-151-T0-C,Tiedemans,151,2022,9:23,0.25,22.9,129.6,11.14,415.5,NA,NA,NA,
P22-151-T0-C,Tiedemans,151,2022,9:23,0.5,22.9,130.5,11.2,415.5,NA,NA,NA,
P22-151-T0-C,Tiedemans,151,2022,9:23,0.75,22.9,130.3,11.18,415.5,NA,NA,NA,
P22-151-T0-C,Tiedemans,151,2022,9:23,1,22.9,130.4,11.2,415.5,NA,NA,NA,
P22-158-S0-C,Strickers,158,2022,9:30,0,19.7,155.2,14.14,343.8,NA,NA,NA,
P22-158-S0-C,Strickers,158,2022,9:30,0.25,19.4,112.9,10.41,328.1,NA,NA,NA,
P22-158-S0-C,Strickers,158,2022,9:30,0.5,19.1,126.6,11.72,327.7,NA,NA,NA,
P22-158-S0-C,Strickers,158,2022,9:30,0.75,19,124.8,11.48,328.4,NA,NA,NA,
P22-158-T0-C,Tiedemans,158,2022,11:34,0,22.72,170.7,14.86,416.1,NA,NA,NA,
P22-158-T0-C,Tiedemans,158,2022,11:34,0.25,19.6,131.3,11.99,407.9,NA,NA,NA,
P22-158-T0-C,Tiedemans,158,2022,11:34,0.5,19.5,125.2,11.48,406.4,NA,NA,NA,
P22-164-S0-C,Strickers,164,2022,10:43,0,21.4,155.6,13.81,314.3,NA,NA,NA,
P22-164-S0-C,Strickers,164,2022,10:43,0.5,21.3,152.3,13.49,313.7,NA,NA,NA,
P22-164-T0-C,Tiedemans,164,2022,10:43,0,23.3,158.6,13.59,376.7,NA,NA,NA,
P22-164-T0-C,Tiedemans,164,2022,10:43,0.5,22.8,158.1,13.62,368.1,NA,NA,NA,
P22-164-T0-C,Tiedemans,164,2022,10:43,1,22.1,154.7,13.49,363.6,NA,NA,NA,
P22-171-S0-C,Strickers,171,2022,9:05,0,25.6,85.7,7.02,246.7,NA,NA,NA,
P22-171-S0-C,Strickers,171,2022,9:05,0.5,25.1,81.8,6.75,247.7,NA,NA,NA,
P22-171-S0-C,Strickers,171,2022,9:05,1,24.5,55.1,4.59,248.3,NA,NA,NA,
P22-171-T0-C,Tiedemans,171,2022,9:05,0,23.8,71,6,306.7,NA,NA,NA,
P22-171-T0-C,Tiedemans,171,2022,9:05,0.5,23.7,68.5,5.8,310.7,NA,NA,NA,
P22-171-T0-C,Tiedemans,171,2022,9:05,1,23.2,50.2,4.28,313.1,NA,NA,NA,
P22-173-E0-S,Elver,173,2022,2:22,0,29,137.5,10.56,200.6,NA,NA,NA,
P22-173-E0-S,Elver,173,2022,2:22,0.5,29,137.8,10.6,200.6,NA,NA,NA,
P22-173-E0-S,Elver,173,2022,2:22,1,26.7,130.5,10.46,201.2,NA,NA,NA,
P22-173-E0-S,Elver,173,2022,2:22,1.5,24.7,57.5,4.79,199.8,NA,NA,NA,
P22-173-L0-S,Lakeview,173,2022,12:27,0,27.5,185.7,14.63,641,NA,NA,NA,
P22-173-L0-S,Lakeview,173,2022,12:27,0.5,26.6,152.1,12.18,660,NA,NA,NA,
P22-173-L0-S,Lakeview,173,2022,12:27,1,26.2,140.6,11.58,663,NA,NA,NA,
P22-173-L0-S,Lakeview,173,2022,12:27,1.5,24.1,99.4,7.74,731,NA,NA,NA,
P22-173-L0-S,Lakeview,173,2022,12:27,2,22.5,62.1,5.37,824,NA,NA,NA,
P22-173-M0-S,McKee,173,2022,15:45,0,30,184.9,13.99,215,NA,NA,NA,
P22-173-M0-S,McKee,173,2022,15:45,0.5,26.9,71.3,6.24,213,NA,NA,NA,
P22-173-M0-S,McKee,173,2022,15:45,1,26.2,23.9,1.92,216.5,NA,NA,NA,
P22-173-O0-S,OrchidNorth,173,2022,9:42,0,26.7,97.1,7.78,194.8,NA,NA,NA,
P22-173-O0-S,OrchidNorth,173,2022,9:42,0.5,26.4,81.7,6.58,196.2,NA,NA,NA,
P22-173-O0-S,OrchidNorth,173,2022,9:42,1,25.3,26.2,2.15,200.6,NA,NA,NA,
P22-178-S0-C,Strickers,178,2022,10:30,0,23.3,130.5,11.16,267.6,NA,NA,NA,
P22-178-S0-C,Strickers,178,2022,10:30,0.5,23.2,132.8,11.33,268.7,NA,NA,NA,
P22-178-T0-C,Tiedemans,178,2022,8:52,0,20.4,72.1,6.51,331.9,NA,NA,NA,
P22-178-T0-C,Tiedemans,178,2022,8:52,0.5,20.1,56.4,5.11,332.3,NA,NA,NA,
P22-178-T0-C,Tiedemans,178,2022,8:52,1,20,42.2,3.83,332.8,NA,NA,NA,
P22-179-E0-S,Elver,179,2022,12:00,0,25,109.8,9.08,204.7,NA,NA,NA,
P22-179-E0-S,Elver,179,2022,12:00,0.5,24.8,112.1,9.3,205.9,NA,NA,NA,
P22-179-E0-S,Elver,179,2022,12:00,1,24.1,91.7,7.64,205.1,NA,NA,NA,
P22-179-E0-S,Elver,179,2022,12:00,1.5,23.7,63.4,5.37,205.1,NA,NA,NA,
P22-179-E0-S,Elver,179,2022,12:00,2,23.2,11.5,0.98,205.8,NA,NA,NA,
P22-179-L0-S,Lakeview,179,2022,10:30,0,24.8,155.2,12.8,656,NA,NA,NA,
P22-179-L0-S,Lakeview,179,2022,10:30,0.5,24.3,118.2,9.83,684,NA,NA,NA,
P22-179-L0-S,Lakeview,179,2022,10:30,1,24.1,112.9,9.47,689,NA,NA,NA,
P22-179-L0-S,Lakeview,179,2022,10:30,1.5,23.7,61.2,4.92,693,NA,NA,NA,
P22-179-L0-S,Lakeview,179,2022,10:30,2,22.9,24.3,2.08,718,NA,NA,NA,
P22-179-LW0-C,LakeviewWest,179,2022,10:10,0,24.6,152,12.7,314.1,NA,NA,NA,
P22-179-LW0-C,LakeviewWest,179,2022,10:10,0.5,23.9,87.8,7.43,306.6,NA,NA,NA,
P22-179-LW0-C,LakeviewWest,179,2022,10:10,1,23.6,25.1,2.13,306.4,NA,NA,NA,
P22-179-M0-S,McKee,179,2022,1:20,0,26.5,169.8,13.67,219.6,NA,NA,NA,
P22-179-M0-S,McKee,179,2022,1:20,0.5,25.3,133.2,11,223.8,NA,NA,NA,
P22-179-M0-S,McKee,179,2022,1:20,1,24.1,82.4,6.91,221.6,NA,NA,NA,
P22-179-O0-S,OrchidNorth,179,2022,9:02,0,23.8,85.7,7.24,216.8,NA,NA,NA,
P22-179-O0-S,OrchidNorth,179,2022,9:02,0.5,23.4,82.5,7.02,217.7,NA,NA,NA,
P22-179-O0-S,OrchidNorth,179,2022,9:02,1,23.3,100.6,8.59,218.1,NA,NA,NA,
P22-186-S0-C,Strickers,186,2022,10:30,0,25.3,58.5,4.81,277.3,NA,NA,NA,
P22-186-S0-C,Strickers,186,2022,10:30,0.5,24.7,12.8,1.06,274.1,NA,NA,NA,
P22-186-T0-C,Tiedemans,186,2022,8:49,0,24.6,45.2,3.75,314.1,NA,NA,NA,
P22-186-T0-C,Tiedemans,186,2022,8:49,0.5,24.5,32.5,2.69,314.4,NA,NA,NA,
P22-186-T0-C,Tiedemans,186,2022,8:49,1,24.4,24.9,2.09,316.4,NA,NA,NA,
P22-188-E0-S,Elver,188,2022,11:45,0,26.4,117.6,9.48,184.4,NA,NA,NA,
P22-188-E0-S,Elver,188,2022,11:45,0.5,25.7,124.3,10.14,183.4,NA,NA,NA,
P22-188-E0-S,Elver,188,2022,11:45,1,25,43.7,3.61,182.7,NA,NA,NA,
P22-188-E0-S,Elver,188,2022,11:45,1.5,24.5,6.7,0.56,183.9,NA,NA,NA,
P22-188-L0-S,Lakeview,188,2022,10:34,0,26.2,160.2,12.92,617,NA,NA,NA,
P22-188-L0-S,Lakeview,188,2022,10:34,0.5,25.8,148,12.02,610,NA,NA,NA,
P22-188-L0-S,Lakeview,188,2022,10:34,1,25.6,125,10.2,621,NA,NA,NA,
P22-188-L0-S,Lakeview,188,2022,10:34,1.5,24.5,48.2,4.02,699,NA,NA,NA,
P22-188-L0-S,Lakeview,188,2022,10:34,2,23,12.9,1.09,749,NA,NA,NA,
P22-188-LW0-C,LakeviewWest,188,2022,9:51,0,25.8,120.9,9.86,163,NA,NA,NA,
P22-188-LW0-C,LakeviewWest,188,2022,9:51,0.5,25.3,73.7,6.05,163.5,NA,NA,NA,
P22-188-LW0-C,LakeviewWest,188,2022,9:51,1,25.1,31.6,2.6,165.8,NA,NA,NA,
P22-188-M0-S,McKee,188,2022,12:51,0,27.6,145.5,11.5,219.1,NA,NA,NA,
P22-188-M0-S,McKee,188,2022,12:51,0.5,25.8,84.4,6.92,216.8,NA,NA,NA,
P22-188-M0-S,McKee,188,2022,12:51,1,25.5,67.2,5.4,216.5,NA,NA,NA,
P22-188-O0-S,OrchidNorth,188,2022,8:56,0,25.4,45.4,3.73,189.6,NA,NA,NA,
P22-188-O0-S,OrchidNorth,188,2022,8:56,0.5,25.3,41.2,3.38,191.9,NA,NA,NA,
P22-188-O0-S,OrchidNorth,188,2022,8:56,1,25.2,51.4,4.24,193.4,NA,NA,NA,
P22-192-S0-C,Strickers,192,2022,9:10,0,24.5,105.2,8.8,236.5,NA,NA,NA,
P22-192-S0-C,Strickers,192,2022,9:10,0.5,24.4,96.7,8.07,235.8,NA,NA,NA,
P22-192-T0-C,Tiedemans,192,2022,9:10,0,23.4,44.1,3.71,298,NA,NA,NA,
P22-192-T0-C,Tiedemans,192,2022,9:10,0.25,23.4,40.4,3.43,304.6,NA,NA,NA,
P22-192-T0-C,Tiedemans,192,2022,9:10,0.5,23.4,39.7,3.37,304.9,NA,NA,NA,
P22-192-T0-C,Tiedemans,192,2022,9:10,0.75,23.4,39.1,3.32,304.8,NA,NA,NA,
P22-192-T0-C,Tiedemans,192,2022,9:10,1,23.4,29.9,2.53,305.3,NA,NA,NA,
P22-193-E0-S,Elver,193,2022,11:45,0,26.6,126.7,10.19,189.2,NA,NA,NA,
P22-193-E0-S,Elver,193,2022,11:45,0.5,26.1,126,10.19,190.1,NA,NA,NA,
P22-193-E0-S,Elver,193,2022,11:45,1,24.8,116.4,9.64,189.7,NA,NA,NA,
P22-193-E0-S,Elver,193,2022,11:45,1.5,24.3,77.3,6.45,187.3,NA,NA,NA,
P22-193-L0-S,Lakeview,193,2022,10:34,0,25.8,150.6,12.24,638,NA,NA,NA,
P22-193-L0-S,Lakeview,193,2022,10:34,0.5,25,116.3,9.58,636,NA,NA,NA,
P22-193-L0-S,Lakeview,193,2022,10:34,1,24.8,106.3,8.81,638,NA,NA,NA,
P22-193-L0-S,Lakeview,193,2022,10:34,1.5,24.3,76.2,6.37,655,NA,NA,NA,
P22-193-L0-S,Lakeview,193,2022,10:34,2,22.7,16.3,1.39,739,NA,NA,NA,
P22-193-LW0-C,LakeviewWest,193,2022,10:56,0,26.7,182.1,14.55,184,NA,NA,NA,
P22-193-LW0-C,LakeviewWest,193,2022,10:56,0.5,24.9,117.1,9.63,181.3,NA,NA,NA,
P22-193-LW0-C,LakeviewWest,193,2022,10:56,1,24.7,73.1,6.06,181,NA,NA,NA,
P22-193-M0-S,McKee,193,2022,12:51,0,27.2,161.8,12.79,224.8,NA,NA,NA,
P22-193-M0-S,McKee,193,2022,12:51,0.5,25.3,107.8,8.83,220.7,NA,NA,NA,
P22-193-M0-S,McKee,193,2022,12:51,1,24.5,46.3,3.86,221.6,NA,NA,NA,
P22-193-O0-S,OrchidNorth,193,2022,8:56,0,25.1,96.8,7.98,209.5,NA,NA,NA,
P22-193-O0-S,OrchidNorth,193,2022,8:56,0.5,24.4,76.7,6.42,208.9,NA,NA,NA,
P22-193-O0-S,OrchidNorth,193,2022,8:56,1,24.2,63.6,5.34,210.4,NA,NA,NA,
P22-199-S0-C,Strickers,199,2022,11:00,0,26.4,183.8,14.81,237.1,NA,NA,NA,
P22-199-S0-C,Strickers,199,2022,11:00,0.5,26.3,187.3,15.13,236.3,NA,NA,NA,
P22-199-S0-C,Strickers,199,2022,11:00,1,25.8,143.4,11.64,240.8,NA,NA,NA,
P22-199-T0-C,Tiedemans,199,2022,9:13,0,25.7,173.9,14.21,303.4,NA,NA,NA,
P22-199-T0-C,Tiedemans,199,2022,9:13,0.5,24.3,56.5,4.71,297.5,NA,NA,NA,
P22-199-T0-C,Tiedemans,199,2022,9:13,1,22.9,5.1,0.43,300.9,NA,NA,NA,
P22-201-E0-S,Elver,201,2022,1:06,0,26.7,110.9,8.89,169,NA,NA,NA,
P22-201-E0-S,Elver,201,2022,1:06,0.5,26.6,111.1,8.91,168.4,NA,NA,NA,
P22-201-E0-S,Elver,201,2022,1:06,1,26.6,109.9,8.8,168.3,NA,NA,NA,
P22-201-E0-S,Elver,,2022,1:06,1.5,25.3,26.8,2.23,172.8,NA,NA,NA,
P22-201-E0-S,Elver,201,2022,1:06,2,23.1,2.5,0.22,NA,NA,NA,NA,
P22-201-L0-S,Lakeview,201,2022,10:19,0,26.3,149.3,12.02,602,NA,NA,NA,
P22-201-L0-S,Lakeview,201,2022,10:19,0.5,26.2,136,10.97,593,NA,NA,NA,
P22-201-L0-S,Lakeview,201,2022,10:19,1,25.8,107,8.72,614,NA,NA,NA,
P22-201-L0-S,Lakeview,201,2022,10:19,1.5,24.8,55,4.54,650,NA,NA,NA,
P22-201-L0-S,Lakeview,201,2022,10:19,2,23,71,0.6,715,NA,NA,NA,
P22-201-LW0-C,LakeviewWest,201,2022,9:43,0,26.3,115.8,9.34,133.6,NA,NA,NA,
P22-201-LW0-C,LakeviewWest,201,2022,9:43,0.5,25.9,84,6.82,134,NA,NA,NA,
P22-201-LW0-C,LakeviewWest,201,2022,9:43,1,25.8,52.1,4.65,134.1,NA,NA,NA,
P22-201-M0-S,McKee,201,2022,2:08,0,27.6,130.3,10.26,184.1,NA,NA,NA,
P22-201-M0-S,McKee,201,2022,2:08,0.5,26.3,82.3,6.63,187.3,NA,NA,NA,
P22-201-M0-S,McKee,201,2022,2:08,1,26,61.2,4.97,186,NA,NA,NA,
P22-201-O0-S,OrchidNorth,201,2022,8:51,0,25.8,81.6,6.62,209.3,NA,NA,NA,
P22-201-O0-S,OrchidNorth,201,2022,8:51,0.5,25.8,72.7,5.95,210.7,NA,NA,NA,
P22-201-O0-S,OrchidNorth,201,2022,8:51,1,25.6,54.4,4.44,211.3,NA,NA,NA,
P22-206-S0-C,Strickers,206,2022,10:38,0,26,111.6,9.03,210.6,NA,NA,NA,
P22-206-S0-C,Strickers,206,2022,10:38,0.25,25.7,96.5,7.88,209.6,NA,NA,NA,
P22-206-S0-C,Strickers,206,2022,10:38,0.5,25.3,79.5,6.5,209.2,NA,NA,NA,
P22-206-S0-C,Strickers,206,2022,10:38,0.75,25.2,49.3,4.06,208.5,NA,NA,NA,
P22-206-T0-C,Tiedemans,206,2022,8:47,0,23.8,7.6,0.64,286.3,NA,NA,NA,
P22-206-T0-C,Tiedemans,206,2022,8:47,0.25,23.8,4.4,0.37,285.6,NA,NA,NA,
P22-206-T0-C,Tiedemans,206,2022,8:47,0.5,23.7,3.2,0.28,285.6,NA,NA,NA,
P22-206-T0-C,Tiedemans,206,2022,8:47,0.75,23.7,3.3,0.36,285.7,NA,NA,NA,
P22-206-T0-C,Tiedemans,206,2022,8:47,1,23.6,4.2,,286.9,NA,NA,NA,
P22-213-S0-C,Strickers,213,2022,10:55,0,25.4,79.4,6.52,166,NA,NA,NA,
P22-213-S0-C,Strickers,213,2022,10:55,0.5,25.3,79.5,6.51,212.8,NA,NA,NA,
P22-213-T0-C,Tiedemans,213,2022,9:14,0,25.2,75.3,6.2,296,NA,NA,NA,
P22-213-T0-C,Tiedemans,213,2022,9:14,0.5,25.2,65.4,5.39,296,NA,NA,NA,
P22-213-T0-C,Tiedemans,213,2022,9:14,1,24.9,31.1,2.61,295.9,NA,NA,NA,
P22-220-S0-C,Strickers,220,2022,11:44,0,25.6,59.6,4.85,162.2,NA,NA,NA,
P22-220-S0-C,Strickers,220,2022,11:44,0.25,25.7,58.6,4.79,162.1,NA,NA,NA,
P22-220-S0-C,Strickers,220,2022,11:44,0.5,25.7,58.6,4.78,162.5,NA,NA,NA,
P22-220-S0-C,Strickers,220,2022,11:44,0.75,25.7,55.6,4.55,162.6,NA,NA,NA,
P22-220-S0-C,Strickers,220,2022,11:44,1,25.7,52.6,4.29,162.7,NA,NA,NA,
P22-220-T0-C,Tiedemans,220,2022,9:25,0,25.3,32.6,2.66,215.6,NA,NA,NA,
P22-220-T0-C,Tiedemans,220,2022,9:25,0.25,25.4,31.3,2.57,216.8,NA,NA,NA,
P22-220-T0-C,Tiedemans,220,2022,9:25,0.5,25.4,29.2,2.45,214.9,NA,NA,NA,
P22-220-T0-C,Tiedemans,220,2022,9:25,0.75,25.3,6.9,0.58,212,NA,NA,NA,
P22-228-S0-C,Strickers,228,2022,10:47,0,22.6,99.8,8.13,202.7,NA,NA,NA,
P22-228-S0-C,Strickers,228,2022,10:47,0.25,22.1,71,6.2,175.2,NA,NA,NA,
P22-228-S0-C,Strickers,228,2022,10:47,0.5,22,35.1,3.04,175.9,NA,NA,NA,
P22-228-S0-C,Strickers,228,2022,10:47,0.75,21.5,31.2,2.74,176.1,NA,NA,NA,
P22-228-S0-C,Strickers,228,2022,10:47,1,21.6,9.2,0.79,180.7,NA,NA,NA,
P22-228-T0-C,Tiedemans,228,2022,8:41,0,20.8,28.9,2.59,249.6,NA,NA,NA,
P22-228-T0-C,Tiedemans,228,2022,8:41,0.25,20.4,23.8,2.14,252.6,NA,NA,NA,
P22-228-T0-C,Tiedemans,228,2022,8:41,0.5,20.2,23.5,2.12,252.9,NA,NA,NA,
P22-228-T0-C,Tiedemans,228,2022,8:41,0.75,20.2,23.8,2.15,252.7,NA,NA,NA,
P22-228-T0-C,Tiedemans,228,2022,8:41,1,20.1,28.5,2.58,253.2,NA,NA,NA,
P22-234-S0-C,Strickers,234,2022,10:30,0,24.3,163.7,13.69,186.9,NA,NA,NA,
P22-234-S0-C,Strickers,234,2022,10:30,0.25,24.2,161.4,13.51,187.7,NA,NA,NA,
P22-234-S0-C,Strickers,234,2022,10:30,0.5,24.1,159.3,13.38,183.5,NA,NA,NA,
P22-234-S0-C,Strickers,234,2022,10:30,0.75,24,157.7,13.29,181.4,NA,NA,NA,
P22-234-S0-C,Strickers,234,2022,10:30,1,23.7,156,13.24,174.2,NA,NA,NA,
P22-234-T0-C,Tiedemans,234,2022,9:02,0,22.6,65.7,5.72,246.7,NA,NA,NA,
P22-234-T0-C,Tiedemans,234,2022,9:02,0.25,22.4,63.3,5.51,243.8,NA,NA,NA,
P22-234-T0-C,Tiedemans,234,2022,9:02,0.5,22.1,62.7,5.48,244.1,NA,NA,NA,
P22-234-T0-C,Tiedemans,234,2022,9:02,0.75,22,61.9,5.42,244.3,NA,NA,NA,
P22-234-T0-C,Tiedemans,234,2022,9:02,1,21.9,61.9,5.42,244.3,NA,NA,NA,
P22-241-S0-C,Strickers,241,2022,10:47,0,24.3,88.2,7.36,137.5,NA,NA,NA,
P22-241-S0-C,Strickers,241,2022,10:47,0.5,24.2,76.7,6.43,137.6,NA,NA,NA,
P22-241-S0-C,Strickers,241,2022,10:47,1,24,38.5,3.31,137.5,NA,NA,NA,
P22-241-T0-C,Tiedemans,241,2022,9:11,0,24,50.1,4.28,198.1,NA,NA,NA,
P22-241-T0-C,Tiedemans,241,2022,9:11,0.25,23.9,42.4,3.55,199.1,NA,NA,NA,
P22-241-T0-C,Tiedemans,241,2022,9:11,0.5,23.8,34.6,2.95,199.2,NA,NA,NA,
P22-241-T0-C,Tiedemans,241,2022,9:11,0.75,23.6,7.1,1.04,201.8,NA,NA,NA,
P22-249-S0-C,Strickers,249,2022,11:15,0,23.1,179.3,15.33,177.3,NA,NA,NA,
P22-249-S0-C,Strickers,249,2022,11:15,0.5,21.1,122,10.86,156.5,NA,NA,NA,
P22-249-T0-C,Tiedemans,249,2022,9:20,0,19.6,44.7,4.05,211.3,NA,NA,NA,
P22-249-T0-C,Tiedemans,249,2022,9:20,0.25,19,37.8,3.42,210.3,NA,NA,NA,
P22-249-T0-C,Tiedemans,249,2022,9:20,0.5,18.9,30.6,2.77,209.1,NA,NA,NA,
P22-249-T0-C,Tiedemans,249,2022,9:20,0.75,18.9,12.1,1.08,208.9,NA,NA,NA,
P22-255-S0-C,Strickers,255,2022,11:10,0,16.8,58.7,5.69,120.7,NA,NA,NA,
P22-255-S0-C,Strickers,255,2022,11:10,0.25,16.8,58.1,5.64,120.9,NA,NA,NA,
P22-255-S0-C,Strickers,255,2022,11:10,0.5,16.8,58.3,5.65,120.9,NA,NA,NA,
P22-255-S0-C,Strickers,255,2022,11:10,0.75,16.8,57.5,5.57,120.9,NA,NA,NA,
P22-255-S0-C,Strickers,255,2022,11:10,1,16.8,56.8,5.5,120.9,NA,NA,NA,
P22-255-T0-C,Tiedemans,255,2022,9:42,0,15.8,52.8,5.19,152.4,NA,NA,NA,
P22-255-T0-C,Tiedemans,255,2022,9:42,0.25,15.6,49.5,4.9,153,NA,NA,NA,
P22-255-T0-C,Tiedemans,255,2022,9:42,0.5,15.6,48.3,4.8,151.6,NA,NA,NA,
P22-255-T0-C,Tiedemans,255,2022,9:42,0.75,15.5,42.6,4.35,150.7,NA,NA,NA,
P22-255-T0-C,Tiedemans,255,2022,9:42,1,15.4,37.4,3.78,151.4,NA,NA,NA,
P22-262-S0-C,Strickers,262,2022,9:14,0,22,68.1,5.84,128.1,NA,NA,NA,
P22-262-S0-C,Strickers,262,2022,9:14,0.25,21.9,60.1,5.27,124.3,NA,NA,NA,
P22-262-S0-C,Strickers,262,2022,9:14,0.5,21.7,41.6,3.69,122.9,NA,NA,NA,
P22-262-S0-C,Strickers,262,2022,9:14,0.75,21.7,18.5,1.09,123.4,NA,NA,NA,
P22-262-T0-C,Tiedemans,262,2022,9:14,0,21,42.8,3.8,172.1,NA,NA,NA,
P22-262-T0-C,Tiedemans,262,2022,9:14,0.25,20.8,38.3,3.45,172.9,NA,NA,NA,
P22-262-T0-C,Tiedemans,262,2022,9:14,0.5,20.7,37.5,3.35,173.4,NA,NA,NA,
P22-262-T0-C,Tiedemans,262,2022,9:14,0.75,20.7,36.6,3.28,173.2,NA,NA,NA,
P22-269-S0-C,Strickers,269,2022,NA,0,14.8,98.5,9.93,137.7,NA,NA,NA,
P22-269-S0-C,Strickers,269,2022,NA,0.25,15,98.2,9.9,137.9,NA,NA,NA,
P22-269-S0-C,Strickers,269,2022,NA,0.5,14.9,97.3,8.26,137.9,NA,NA,NA,
P22-269-S0-C,Strickers,269,2022,NA,0.75,14.9,14.3,1.35,137.8,NA,NA,NA,
P22-269-T0-C,Tiedemans,269,2022,9:38,0,12.9,74.4,7.85,187.9,NA,NA,NA,
P22-269-T0-C,Tiedemans,269,2022,9:38,0.25,12.7,73,7.74,189,NA,NA,NA,
P22-269-T0-C,Tiedemans,269,2022,9:38,0.5,12.6,70.2,7.45,189.2,NA,NA,NA,
P22-269-T0-C,Tiedemans,269,2022,9:38,0.75,12.6,71.2,7.57,189.6,NA,NA,NA,
P22-283-S0-C,Strickers,283,2022,NA,0,12.8,120.2,12.8,139.5,NA,NA,NA,
P22-283-S0-C,Strickers,283,2022,NA,0.25,12,96.7,10.47,138.1,NA,NA,NA,
P22-283-S0-C,Strickers,283,2022,NA,0.5,11.6,90.1,9.8,131.2,NA,NA,NA,
P22-283-S0-C,Strickers,283,2022,NA,0.75,11.5,30.1,3.22,130.7,NA,NA,NA,
P22-283-T0-C,Tiedemans,283,2022,9:11,0,11.6,67.1,7.28,197.4,NA,NA,NA,
P22-283-T0-C,Tiedemans,283,2022,9:11,0.25,11,61.8,6.81,199.8,NA,NA,NA,
P22-283-T0-C,Tiedemans,283,2022,9:11,0.5,10.8,60.2,6.66,199.7,NA,NA,NA,
P22-283-T0-C,Tiedemans,283,2022,9:11,0.75,10.7,58.8,6.53,199.2,NA,NA,NA,
P22-297-S0-C,Strickers,297,2022,9:42,0,15.9,97.3,9.62,2,NA,NA,NA,
P22-297-S0-C,Strickers,297,2022,9:42,0.25,15.9,97,9.6,114.7,NA,NA,NA,
P22-297-S0-C,Strickers,297,2022,9:42,0.5,15.8,96.8,9.58,145.9,NA,NA,NA,
P22-297-S0-C,Strickers,297,2022,9:42,0.75,15.8,96.5,9.56,145.9,NA,NA,NA,
P22-297-T0-C,Tiedemans,297,2022,9:42,0,16.2,59.9,5.81,208.3,NA,NA,NA,
P22-297-T0-C,Tiedemans,297,2022,9:42,0.25,16.2,58.3,5.67,207.6,NA,NA,NA,
P22-297-T0-C,Tiedemans,297,2022,9:42,0.5,16.1,54.1,5.31,207.8,NA,NA,NA,
P22-297-T0-C,Tiedemans,297,2022,9:42,0.75,16.1,53.1,5.23,208,NA,NA,NA,
P22-304-F0-C,Forebay,304,2022,NA,0,9.5,6.7,0.74,232.1,NA,NA,NA,
P22-304-S0-C,Strickers,304,2022,NA,0.25,11.4,143.9,16.04,165.7,NA,NA,NA,
P22-304-S0-C,Strickers,304,2022,NA,0.5,10.9,145.4,15.86,157.4,NA,NA,NA,
P22-304-S0-C,Strickers,304,2022,NA,0.75,10.2,129.5,14.25,156,NA,NA,NA,
P22-304-T0-C,Tiedemans,304,2022,NA,0.25,10.9,85.6,9.6,198.7,NA,NA,NA,
P22-304-T0-C,Tiedemans,304,2022,NA,0.5,10,82.5,9.31,205.3,NA,NA,NA,
P22-304-T0-C,Tiedemans,304,2022,NA,0.75,9.8,81.1,9.18,205.6,NA,NA,NA,
P22-311-S0-C,Strickers,311,2022,8:48,0,8.6,91.5,10.7,122.4,NA,NA,NA,
P22-311-S0-C,Strickers,311,2022,8:48,0.25,8.6,90.5,10.53,122.5,NA,NA,NA,
P22-311-S0-C,Strickers,311,2022,8:48,0.5,8.6,89.3,10.4,122.5,NA,NA,NA,
P22-311-S0-C,Strickers,311,2022,8:48,0.75,8.6,88.7,10.31,122.4,NA,NA,NA,
P22-311-S0-C,Strickers,311,2022,8:48,1,8.7,13.5,1.56,122.2,NA,NA,NA,
P22-311-S0-C,Strickers,311,2022,8:48,1.25,8.8,18.2,2.89,121.5,NA,NA,NA,
P22-311-T0-C,Tiedemans,311,2022,8:48,0,5.3,85.7,10.89,156.5,NA,NA,NA,
P22-311-T0-C,Tiedemans,311,2022,8:48,0.25,5,85.5,10.91,157,NA,NA,NA,
P22-311-T0-C,Tiedemans,311,2022,8:48,0.5,5,85.5,10.95,157.7,NA,NA,NA,
P22-311-T0-C,Tiedemans,311,2022,8:48,0.75,5,83.3,10.62,157.7,NA,NA,NA,
P22-311-T0-C,Tiedemans,311,2022,8:48,1,5,85.5,10.95,157.5,NA,NA,NA,
P22-336-T0-C,Tiedemans,336,2022,11:30,0.25,4.6,87.1,11.49,197.2,NA,NA,NA,
P22-336-T0-C,Tiedemans,336,2022,11:30,0.5,3.7,92.2,12.2,195.7,NA,NA,NA,
P22-336-T0-C,Tiedemans,336,2022,11:30,0.75,3.5,94.4,12.53,202.2,NA,NA,NA,
P22-336-T0-C,Tiedemans,336,2022,11:30,1,3.5,96.5,12.82,202.3,NA,NA,NA,
P22-336-T0-C,Tiedemans,336,2022,11:30,1.25,3.5,87.1,11.74,203.25,NA,NA,NA,
P23-025-S0-C,Strickers,25,2023,10:00,0,1.6,109,15.32,287.5,NA,NA,NA,
P23-025-S0-C,Strickers,25,2023,10:00,0.25,3.8,102,13.31,239.7,NA,NA,NA,
P23-025-S0-C,Strickers,25,2023,10:00,0.5,4.8,85.2,10.75,440,NA,NA,NA,
P23-025-S0-C,Strickers,25,2023,10:00,0.75,5,71.9,9.09,455.6,NA,NA,NA,
P23-025-S0-C,Strickers,25,2023,10:00,1,5.1,68,8.6,468.2,NA,NA,NA,
P23-025-T0-C,Tiedemans,25,2023,NA,0,1.1,90.1,12.48,383.4,NA,NA,NA,
P23-025-T0-C,Tiedemans,25,2023,NA,0.25,2.2,79.6,10.69,359.8,NA,NA,NA,
P23-025-T0-C,Tiedemans,25,2023,NA,0.5,3.1,68.7,8.95,385.8,NA,NA,NA,
P23-025-T0-C,Tiedemans,25,2023,NA,0.75,3.5,60.2,7.8,441.6,NA,NA,NA,
P23-026-E0-C,Elver,26,2023,11:35,0,0.5,99.5,14.3,1220,NA,NA,NA,
P23-026-E0-C,Elver,26,2023,11:35,0.25,1.2,103.2,14.44,1197,NA,NA,NA,
P23-026-E0-C,Elver,26,2023,11:35,0.5,1.6,100.8,13.95,1171,NA,NA,NA,
P23-026-E0-C,Elver,26,2023,11:35,0.75,2,93,12.69,1369,NA,NA,NA,
P23-026-E0-C,Elver,26,2023,11:35,1,2.3,61.8,8,1459,NA,NA,NA,
P23-026-E0-C,Elver,26,2023,11:35,1.25,2.2,55.6,7.45,1382,NA,NA,NA,
P23-026-E0-C,Elver,26,2023,11:35,1.5,2.4,45.8,6,1442,NA,NA,NA,
P23-026-E0-C,Elver,26,2023,11:35,1.75,2.4,36.9,4.98,1432,NA,NA,NA,
P23-026-E0-C,Elver,26,2023,11:35,2,2.5,33.9,4.49,1563,NA,NA,NA,
P23-026-E0-C,Elver,26,2023,11:35,2.25,2.6,19.3,2.58,1590,NA,NA,NA,
P23-026-E0-C,Elver,26,2023,11:35,2.5,2.6,18.6,2.56,1629,NA,NA,NA,
P23-026-E0-C,Elver,26,2023,11:35,2.75,3,21.6,2.89,1711,NA,NA,NA,
P23-026-E0-C,Elver,26,2023,11:35,3,3,25,3.26,1959,NA,NA,NA,
P23-026-L0-C,Lakeview,26,2023,10:25,0,3.2,77.7,10.35,858,NA,NA,NA,
P23-026-L0-C,Lakeview,26,2023,10:25,0.25,3.2,76.1,10.15,899,NA,NA,NA,
P23-026-L0-C,Lakeview,26,2023,10:25,0.5,3.3,75.3,9.98,919,NA,NA,NA,
P23-026-L0-C,Lakeview,26,2023,10:25,0.75,3.6,75.1,9.91,917,NA,NA,NA,
P23-026-L0-C,Lakeview,26,2023,10:25,1,3.8,75.1,9.86,919,NA,NA,NA,
P23-026-O0-C,OrchidNorth,26,2023,9:15,0,2.1,79.5,10.88,270.2,NA,NA,NA,
P23-026-O0-C,OrchidNorth,26,2023,9:15,0.25,3.9,61,8.08,509,NA,NA,NA,
P23-026-O0-C,OrchidNorth,26,2023,9:15,0.5,5.1,50.9,6.19,555,NA,NA,NA,
P23-026-O0-C,OrchidNorth,26,2023,9:15,0.75,5.4,44.3,5.44,576,NA,NA,NA,
P23-026-O0-C,OrchidNorth,26,2023,9:15,1,5.5,38.3,4.87,585,NA,NA,NA,
P23-057-F0-S,Forebay,57,2023,11:54,0,0.8,23.4,3.34,1156,NA,NA,NA,
P23-057-F0-S,Forebay,57,2023,11:54,0.25,2.2,21.3,2.91,1008,NA,NA,NA,
P23-057-F0-S,Forebay,57,2023,11:54,0.5,3.4,16.7,2.21,2719,NA,NA,NA,
P23-057-S0-C,Strickers,57,2023,10:43,0,1.3,115.3,16.27,514,NA,NA,NA,
P23-057-S0-C,Strickers,57,2023,10:43,0.25,3.2,98.5,13.15,506,NA,NA,NA,
P23-057-S0-C,Strickers,57,2023,10:43,0.5,3.8,76,9.93,666,NA,NA,NA,
P23-057-S0-C,Strickers,57,2023,10:43,0.75,4,70,9.17,702,NA,NA,NA,
P23-057-S0-C,Strickers,57,2023,10:43,1,4,62.3,8.15,749,NA,NA,NA,
P23-057-T0-C,Tiedemans,57,2023,9:25,0,1.5,87,12.3,490,NA,NA,NA,
P23-057-T0-C,Tiedemans,57,2023,9:25,0.25,2.5,67.2,9.21,501,NA,NA,NA,
P23-057-T0-C,Tiedemans,57,2023,9:25,0.5,3,51.5,6.85,614,NA,NA,NA,
P23-057-T0-C,Tiedemans,57,2023,9:25,0.75,3.9,34.7,4.25,757,NA,NA,NA,
P23-057-T0-C,Tiedemans,57,2023,9:25,1,4.3,16.8,2.17,930,NA,NA,NA,
P23-082-E0-C,Elver,82,2023,13:27,0.25,4.6,102.8,13.22,1290,NA,NA,NA,
P23-082-E0-C,Elver,82,2023,13:27,0.5,4.6,102.6,13.17,1330,NA,NA,NA,
P23-082-E0-C,Elver,82,2023,13:27,0.75,4.6,102.4,13.16,1330,NA,NA,NA,
P23-082-E0-C,Elver,82,2023,13:27,1,4.6,102,13.1,1353,NA,NA,NA,
P23-082-E0-C,Elver,82,2023,13:27,1.25,4.5,101.2,13.01,1358,NA,NA,NA,
P23-082-E0-C,Elver,82,2023,13:27,1.5,4.5,99.1,12.77,1368,NA,NA,NA,
P23-082-E0-C,Elver,82,2023,13:27,1.75,4.4,93.1,12.05,1379,NA,NA,NA,
P23-082-E0-C,Elver,82,2023,13:27,2,4.2,88.9,11.52,1388,NA,NA,NA,
P23-082-E0-C,Elver,82,2023,13:27,2.25,4.2,83.5,10.34,1387,NA,NA,NA,
P23-082-L0-C,Lakeview,82,2023,10:55,0,5.6,103.7,13.06,604,NA,NA,NA,
P23-082-L0-C,Lakeview,82,2023,10:55,0.25,5.8,106.2,13.23,880,NA,NA,NA,
P23-082-L0-C,Lakeview,82,2023,10:55,0.5,5.8,107.1,13.34,880,NA,NA,NA,
P23-082-L0-C,Lakeview,82,2023,10:55,0.75,5.8,106.9,13.34,880,NA,NA,NA,
P23-082-L0-C,Lakeview,82,2023,10:55,1,5.9,107.2,13.37,880,NA,NA,NA,
P23-082-L0-C,Lakeview,82,2023,10:55,1.25,5.9,107.2,13.3,879,NA,NA,NA,
P23-082-O0-C,OrchidNorth,82,2023,NA,0,6,94.5,11.78,558,NA,NA,NA,
P23-082-O0-C,OrchidNorth,82,2023,NA,0.25,5.9,95.3,11.89,566,NA,NA,NA,
P23-082-O0-C,OrchidNorth,82,2023,NA,0.5,5.8,95.3,11.93,566,NA,NA,NA,
P23-082-O0-C,OrchidNorth,82,2023,NA,0.75,5.7,97.4,12.17,567,NA,NA,NA,
P23-082-O0-C,OrchidNorth,82,2023,NA,1,5.7,96.5,12.07,567,NA,NA,NA,
P23-082-S0-C,Strickers,82,2023,12:21,0,5.1,104.3,13.36,630,NA,NA,NA,
P23-082-S0-C,Strickers,82,2023,12:21,0.25,5.1,107.3,13.67,631,NA,NA,NA,
P23-082-S0-C,Strickers,82,2023,12:21,0.5,5.1,108.2,13.79,631,NA,NA,NA,
P23-082-S0-C,Strickers,82,2023,12:21,0.75,5.1,108.7,13.84,631,NA,NA,NA,
P23-082-S0-C,Strickers,82,2023,12:21,1,5.1,109.1,13.89,631,NA,NA,NA,
P23-082-S0-C,Strickers,82,2023,12:21,1.25,5.1,109.2,13.88,631,NA,NA,NA,
P23-082-S0-C,Strickers,82,2023,12:21,1.5,5.1,108.9,13.83,631,NA,NA,NA,
P23-082-T0-C,Tiedemans,82,2023,11:37,0,5.3,99.8,12.64,373.9,NA,NA,NA,
P23-082-T0-C,Tiedemans,82,2023,11:37,0.25,5.3,99.8,12.62,373.5,NA,NA,NA,
P23-082-T0-C,Tiedemans,82,2023,11:37,0.5,5.3,99.3,12.57,374.1,NA,NA,NA,
P23-082-T0-C,Tiedemans,82,2023,11:37,0.75,5.3,98.8,12.51,375.8,NA,NA,NA,
P23-082-T0-C,Tiedemans,82,2023,11:37,1,5.3,97.4,12.34,375.8,NA,NA,NA,
P23-082-T0-C,Tiedemans,82,2023,11:37,1.25,5.2,94.7,12.02,375.9,NA,NA,NA,
P23-111-S0-C,Strickers,111,2023,9:15,0,10.3,99.1,11.11,562,8.91,NA,NA,
P23-111-S0-C,Strickers,111,2023,9:15,0.25,10.2,100.3,11.25,562,NA,NA,NA,
P23-111-S0-C,Strickers,111,2023,9:15,0.5,10.2,14.5,1.63,564,NA,NA,NA,
P23-111-S0-C,Strickers,111,2023,9:15,0.75,10.2,2,0.22,543,NA,NA,NA,
P23-111-S0-C,Strickers,111,2023,9:15,1,10.2,0.9,0.09,545,NA,NA,NA,
P23-111-T0-C,Tiedemans,111,2023,9:15,0.2,9.6,94,10.49,496,13.05,NA,NA,
P23-111-T0-C,Tiedemans,111,2023,9:15,0.5,9.5,93.7,10.67,496.1,13.05,NA,NA,
P23-111-T0-C,Tiedemans,111,2023,9:15,0.75,9.5,94.2,10.73,496.2,NA,NA,NA,
P23-111-T0-C,Tiedemans,111,2023,9:15,1,9.4,-0.2,-0.04,534,NA,NA,NA,
P23-111-W0-C,LakeviewWest,111,2023,12:17,0,13.5,87.2,9.07,332.7,NA,NA,NA,
P23-111-W0-C,LakeviewWest,111,2023,12:17,0.25,13.5,87.2,9.09,332.9,NA,NA,NA,
P23-111-W0-C,LakeviewWest,111,2023,12:17,0.5,12.4,81.7,8.73,333,NA,NA,NA,
P23-111-W0-C,LakeviewWest,111,2023,12:17,0.75,11.5,74.7,7.95,336,NA,NA,NA,
P23-111-W0-C,LakeviewWest,111,2023,12:17,1,10.8,60.2,6.56,339.9,NA,NA,NA,
P23-111-W0-C,LakeviewWest,111,2023,12:17,1.25,10.6,45,4.67,348.8,NA,NA,NA,
P23-111-W0-C,LakeviewWest,111,2023,12:17,1.5,10.5,0.8,0.07,467.3,NA,NA,NA,
P23-118-S0-C,Strickers,118,2023,10:59,0,14.1,144.5,14.77,567,NA,74.64,8.25,
P23-118-S0-C,Strickers,118,2023,10:59,0.25,13.9,142.8,14.75,569,NA,213.84,13.31,
P23-118-S0-C,Strickers,118,2023,10:59,0.5,13,128.6,13.39,571,NA,246.8,14.07,
P23-118-S0-C,Strickers,118,2023,10:59,0.75,12.7,107.2,11.55,565,NA,320.86,14.51,
P23-118-T0-C,Tiedemans,118,2023,,0,12,83.6,8.96,508,NA,277.96,12.15,
P23-118-T0-C,Tiedemans,118,2023,,0.25,11.5,77,8.01,504,NA,438.69,15.22,
P23-118-T0-C,Tiedemans,118,2023,,0.5,11.3,68.5,7.48,503,NA,495.9,17.92,
P23-118-T0-C,Tiedemans,118,2023,,0.75,11.2,66.5,7.27,502,NA,475.63,18.25,
P23-118-W0-C,LakeviewWest,118,2023,12:09,0,17.2,149.3,14.35,502,NA,98.33,7.12,
P23-118-W0-C,LakeviewWest,118,2023,12:09,0.25,16.2,142.6,14.24,503,NA,155.96,8.96,
P23-118-W0-C,LakeviewWest,118,2023,12:09,0.5,14.3,90.6,9.44,506,NA,234.14,10.44,
P23-118-W0-C,LakeviewWest,118,2023,12:09,0.75,13.5,68.4,7.22,496.8,NA,247.05,10.14,
P23-118-W0-C,LakeviewWest,118,2023,12:09,1,12.7,61.1,6.48,495.3,NA,205.13,10.25,
P23-118-W0-C,LakeviewWest,118,2023,12:09,1.25,12.2,51.2,5.52,499.6,NA,292.04,13.79,
P23-124-S0-C,Strickers,124,2023,,0,13,138.7,14.61,571,NA,115,20.7,
P23-124-S0-C,Strickers,124,2023,,0.25,13,140.9,14.86,571,NA,130,19.9,
P23-124-S0-C,Strickers,124,2023,,0.5,13,142.3,15,571,NA,175,23.8,
P23-124-S0-C,Strickers,124,2023,,0.75,12.8,141.4,14.95,570,NA,200,24.6,
P23-124-T0-C,Tiedemans,124,2023,,0,12.7,104.4,11.07,509,NA,170,18.1,
P23-124-T0-C,Tiedemans,124,2023,,0.25,12.7,106.4,11.27,508,NA,190,17.36,
P23-124-T0-C,Tiedemans,124,2023,,0.5,12.1,104.3,11.19,513,NA,180,15.8,
P23-124-T0-C,Tiedemans,124,2023,,0.75,11.7,90.1,9.76,507,NA,225,17.76,
P23-124-W0-C,LakeviewWest,124,2023,,0,16.1,175.8,16.91,450.7,NA,37,8.5,
P23-124-W0-C,LakeviewWest,124,2023,,0.25,14,154,15.89,444.9,NA,67,12.4,
P23-124-W0-C,LakeviewWest,124,2023,,0.5,12.4,118,12.45,440.6,NA,78,13.25,
P23-124-W0-C,LakeviewWest,124,2023,,0.75,11.7,92.5,9.8,437.5,NA,80,12.7,
P23-124-W0-C,LakeviewWest,124,2023,,1,11,44.8,5.2,447.4,NA,90,9.7,
P23-130-S0-C,Strickers,130,2023,,0,19.1,145.5,13.55,546,NA,70.8,57.5,
P23-130-S0-C,Strickers,130,2023,,0.25,18.9,149.7,13.97,547,NA,92.2,26.14,
P23-130-S0-C,Strickers,130,2023,,0.5,18.8,149.7,13.92,547,NA,101.1,26.5,
P23-130-S0-C,Strickers,130,2023,,0.75,18.3,137.5,12.91,544,NA,214,28.55,
P23-130-T0-C,Tiedemans,130,2023,9:00,0,17,114.7,11.11,490.6,NA,119.2,14.93,
P23-130-T0-C,Tiedemans,130,2023,9:00,0.25,16.9,115.3,11.16,490.4,NA,140,15.01,
P23-130-T0-C,Tiedemans,130,2023,9:00,0.5,16.8,113.9,11.02,491.3,NA,139,14.7,
P23-130-T0-C,Tiedemans,130,2023,9:00,0.75,16.5,104.5,10.18,489.9,NA,170,14.81,
P23-130-W0-C,LakeviewWest,130,2023,11:20,0,21.3,100,8.88,343.3,NA,25.08,2.57,
P23-130-W0-C,LakeviewWest,130,2023,11:20,0.25,20.6,100.7,9.03,341,NA,46.5,3.29,
P23-130-W0-C,LakeviewWest,130,2023,11:20,0.5,18.6,70.3,6.57,344,NA,47.9,3.33,
P23-130-W0-C,LakeviewWest,130,2023,11:20,0.75,16.3,19.1,1.91,359,NA,40.21,3.49,
P23-130-W0-C,LakeviewWest,130,2023,11:20,1,14.2,3.5,0.31,408.2,NA,50.1,4.35,
P23-130-W0-C,LakeviewWest,130,2023,11:20,1.25,14.1,2.5,0.22,451,NA,65.3,6.45,
P23-136-S0-C,Strickers,136,2023,9:20,0,18.2,216.2,20.4,560,NA,60.09,21,
P23-136-S0-C,Strickers,136,2023,9:20,0.25,18.1,220.7,20.78,560,NA,91.25,26.22,
P23-136-S0-C,Strickers,136,2023,9:20,0.5,18.1,218.2,20.62,559,NA,106.75,28.07,
P23-136-S0-C,Strickers,136,2023,9:20,0.75,17.7,197.7,18.67,556,NA,133.52,27.06,
P23-136-T0-C,Tiedemans,136,2023,,0,16.2,142.1,13.96,538,NA,60.09,6.12,
P23-136-T0-C,Tiedemans,136,2023,,0.25,16.4,144.6,14.12,547,NA,91.25,8.24,
P23-136-T0-C,Tiedemans,136,2023,,0.5,16.2,143.4,14.06,547,NA,106.75,9.08,
P23-136-T0-C,Tiedemans,136,2023,,0.75,15.8,133.3,13.17,547,NA,133.52,9.31,
P23-136-W0-C,LakeviewWest,136,2023,11:50,0,27.2,251.1,21.73,372.7,NA,54.2,4.53,
P23-136-W0-C,LakeviewWest,136,2023,11:50,0.25,21.2,257.9,22.85,375.5,NA,114.74,7.41,
P23-136-W0-C,LakeviewWest,136,2023,11:50,0.5,17.9,216.9,20.46,37.8,NA,118.58,9.1,
P23-136-W0-C,LakeviewWest,136,2023,11:50,0.75,17,72,7.67,373.3,NA,120.37,8.15,
P23-136-W0-C,LakeviewWest,136,2023,11:50,1,16.2,6.8,0.71,388,NA,138.26,7.55,
P23-142-S0-C,Strickers,142,2023,10:30,0,23,227.4,19.69,586,NA,NA,NA,
P23-142-S0-C,Strickers,142,2023,10:30,0.25,22.1,225,19.84,588,NA,NA,NA,
P23-142-S0-C,Strickers,142,2023,10:30,0.5,21.3,206.9,17.85,585,NA,NA,NA,
P23-142-S0-C,Strickers,142,2023,10:30,0.75,20.2,78.8,7.02,575,NA,NA,NA,
P23-142-T0-C,Tiedemans,142,2023,9:06,0,20,86,7.75,610,NA,NA,NA,
P23-142-T0-C,Tiedemans,142,2023,9:06,0.25,19.9,77.8,7.04,611,NA,NA,NA,
P23-142-T0-C,Tiedemans,142,2023,9:06,0.5,19.7,64.1,5.78,610,NA,NA,NA,
P23-142-T0-C,Tiedemans,142,2023,9:06,0.75,19.5,49.5,4.51,610,NA,NA,NA,
P23-143-S0-C,Strickers,143,2023,10:23,0,23.2,271.4,23.2,598,NA,97.64,13.67,
P23-143-S0-C,Strickers,143,2023,10:23,0.25,21.1,230.5,20.54,590,NA,116.28,15.08,
P23-143-S0-C,Strickers,143,2023,10:23,0.5,20.8,215.4,19.26,587,NA,130.61,15.2,
P23-143-S0-C,Strickers,143,2023,10:23,0.75,20.5,145,12.98,579,NA,263.7,20.65,
P23-143-T0-C,Tiedemans,143,2023,9:06,0,20.3,95,8.56,622,NA,87.3,7.27,
P23-143-T0-C,Tiedemans,143,2023,9:06,0.25,20.2,70.5,6.05,622,NA,109.56,7.78,
P23-143-T0-C,Tiedemans,143,2023,9:06,0.5,20,61.4,5.56,921,NA,112.87,7.87,
P23-143-T0-C,Tiedemans,143,2023,9:06,0.75,20,57.1,5.18,621,NA,110.85,7.98,
P23-143-W0-C,LakeviewWest,143,2023,11:12,0,23.8,247.6,20.91,390.4,NA,38.66,3.55,
P23-143-W0-C,LakeviewWest,143,2023,11:12,0.25,22.4,245.1,21.33,392,NA,97.66,5.9,
P23-143-W0-C,LakeviewWest,143,2023,11:12,0.5,21.8,215.8,19.33,389.7,NA,99.67,6.62,
P23-143-W0-C,LakeviewWest,143,2023,11:12,0.75,20.5,154.3,13.75,386.6,NA,144.39,8.81,
P23-143-W0-C,LakeviewWest,143,2023,11:12,1,19.6,58.3,3.95,100.9,NA,316.3,12.67,
P23-150-S0-C,Strickers,150,2023,10:55,0,24.1,256.5,21.58,623,NA,135.1,8.89,
P23-150-S0-C,Strickers,150,2023,10:55,0.25,23.7,261.2,21.86,625,NA,191.79,11.65,
P23-150-S0-C,Strickers,150,2023,10:55,0.5,22.9,217.9,18.77,619,NA,284.98,12.32,
P23-150-S0-C,Strickers,150,2023,10:55,0.75,22.5,170.8,14.79,611,NA,367.07,15.51,Column only taken to .6m to avoid sediment
P23-150-T0-C,Tiedemans,150,2023,9:23,0,21.6,67.3,5.91,727,NA,75.64,3.86,
P23-150-T0-C,Tiedemans,150,2023,9:23,0.25,21.6,67.3,5.93,728,NA,86.9,4.08,
P23-150-T0-C,Tiedemans,150,2023,9:23,0.5,21,54.9,4.9,725,NA,118.52,4.94,
P23-150-T0-C,Tiedemans,150,2023,9:23,0.75,20.7,39.4,3.52,724,NA,154.71,5.79,
P23-150-W0-C,LakeviewWest,150,2023,12:20,0,26.6,257.8,20.52,420.6,NA,37.41,2.41,
P23-150-W0-C,LakeviewWest,150,2023,12:20,0.25,25.3,278.7,22.45,417.2,NA,51.5,3.12,
P23-150-W0-C,LakeviewWest,150,2023,12:20,0.5,23,274,23.43,417.8,NA,94.8,4.98,
P23-150-W0-C,LakeviewWest,150,2023,12:20,0.75,21.9,178.8,15.58,416.8,NA,478.12,13.5,
P23-157-S0-C,Strickers,157,2023,10:15,0,24.6,144.6,12,655,NA,193.6,14.03,
P23-157-S0-C,Strickers,157,2023,10:15,0.25,24.7,140.3,11.66,656,NA,208.29,14.8,
P23-157-S0-C,Strickers,157,2023,10:15,0.5,24.7,136.9,11.26,655,NA,219.11,14.52,
P23-157-T0-C,Tiedemans,157,2023,9:08,0,23.5,43.7,3.71,838,NA,101.05,4.72,
P23-157-T0-C,Tiedemans,157,2023,9:08,0.25,23.5,41.8,3.53,838,NA,112.23,5.24,
P23-157-T0-C,Tiedemans,157,2023,9:08,0.5,23.5,34.6,2.92,839,NA,154.26,5.86,
P23-157-W0-C,LakeviewWest,157,2023,11:31,0,26,189.8,15.51,455.7,NA,144.84,6.68,
P23-157-W0-C,LakeviewWest,157,2023,11:31,0.25,26,202.6,16.44,455.8,NA,155.51,6.63,
P23-157-W0-C,LakeviewWest,157,2023,11:31,0.5,25.8,192.7,15.6,455.5,NA,194.06,7.56,
P23-157-W0-C,LakeviewWest,157,2023,11:31,0.75,25.4,136.2,11.06,457.8,NA,292,9.01,
P23-164-S0-C,Strickers,164,2023,10:14,0,17.6,96,9.14,660,NA,274.29,17.13,
P23-164-S0-C,Strickers,164,2023,10:14,0.25,17.6,96.1,9.15,662,NA,263.35,16.68,
P23-164-S0-C,Strickers,164,2023,10:14,0.5,17.6,95.8,9.13,662,NA,270.56,16.16,
P23-164-T0-C,Tiedemans,164,2023,10:14,0,17.4,79.1,7.55,660,NA,274.29,17.13,
P23-164-T0-C,Tiedemans,164,2023,10:14,0.25,17.4,74.4,7.09,662,NA,263.35,16.68,
P23-164-T0-C,Tiedemans,164,2023,10:14,0.5,17.3,44.6,4.15,662,NA,270.56,16.16,
P23-164-W0-C,LakeviewWest,164,2023,9:20,0,19.6,124.7,11.35,478.1,NA,270.69,10.09,
P23-164-W0-C,LakeviewWest,164,2023,9:20,0.25,19.6,120.5,10.96,479.1,NA,265.09,9.72,
P23-164-W0-C,LakeviewWest,164,2023,9:20,0.5,19.3,77.6,7.17,477.3,NA,251.52,8.56,
P23-164-W0-C,LakeviewWest,164,2023,9:20,0.75,19.2,60.7,5.61,479.2,NA,321.21,9.99,
P23-172-S0-C,Strickers,172,2023,9:20,0,26.2,160.7,13,514,NA,273.68,16.82,
P23-172-S0-C,Strickers,172,2023,9:20,0.25,26.1,160.5,13.15,687,NA,331.82,23.4,
P23-172-S0-C,Strickers,172,2023,9:20,0.5,23.9,22.4,1.87,680,NA,434.13,25.15,
P23-172-S0-C,Strickers,172,2023,9:20,0.75,23.8,3.3,0.27,697,NA,184.43,25.22,
P23-172-T0-C,Tiedemans,172,2023,9:20,0,24.7,68.8,5.7,976,NA,137.97,10,
P23-172-T0-C,Tiedemans,172,2023,9:20,0.25,22.8,20.4,1.75,977,NA,171.99,11.83,
P23-172-T0-C,Tiedemans,172,2023,9:20,0.5,22.5,7.4,0.64,976,NA,235.19,12.25,
P23-172-W0-C,LakeviewWest,172,2023,12:16,0,28.9,206.5,15.94,509,NA,38.76,1.46,
P23-172-W0-C,LakeviewWest,172,2023,12:16,0.25,27.2,211.2,16.7,510,NA,51.48,2.12,
P23-172-W0-C,LakeviewWest,172,2023,12:16,0.5,25.4,200,15.93,506,NA,151.7,5.1,
P23-172-W0-C,LakeviewWest,172,2023,12:16,0.75,25.1,163.7,13.52,508,NA,302.43,7.29,
P23-177-S0-C,Strickers,177,2023,10:47:00,0,22.5,49.1,4.25,671,NA,366.57,28.1,
P23-177-S0-C,Strickers,177,2023,10:47:00,0.25,22.4,47.7,4.21,671,NA,358.77,26.6,
P23-177-S0-C,Strickers,177,2023,10:47:00,0.5,22.5,47.5,4.12,671,NA,325.91,25.45,
P23-177-T0-C,Tiedemans,177,2023,9:15,0,20.6,27.9,2.5,0:00,NA,310.39,10.69,
P23-177-T0-C,Tiedemans,177,2023,9:15,0.25,20.6,27.3,2.45,788,NA,321.52,11.16,
P23-177-T0-C,Tiedemans,177,2023,9:15,0.5,20.6,24.9,2.23,789,NA,325.69,11.05,
P23-177-W0-C,LakeviewWest,177,2023,12:03,0,24.7,23.1,1.93,443.9,NA,144.93,5.53,
P23-177-W0-C,LakeviewWest,177,2023,12:03,0.25,24.7,16,1.33,444.2,NA,136.89,5.33,
P23-177-W0-C,LakeviewWest,177,2023,12:03,0.5,24.7,11.3,1.01,444.2,NA,147.52,5.07,
P23-177-W0-C,LakeviewWest,177,2023,12:03,0.75,24.6,5.2,0.41,444.7,NA,132.1,4.41,
P23-177-W0-C,LakeviewWest,177,2023,12:03,1,24.5,2.3,0.18,445.2,NA,177.16,4.5,
P23-179-F0-C,Forebay,179,2023,10:30,0,17.4,67.9,6.55,567,NA,30.95,0.62,
P23-179-S0-C,Strickers,179,2023,12:09,0,23.9,175.2,14.76,683,NA,312.08,23.2,
P23-179-S0-C,Strickers,179,2023,12:09,0.25,23.8,173.1,14.64,683,NA,310.42,24.1,
P23-179-S0-C,Strickers,179,2023,12:09,0.5,23.8,174.9,14.72,682,NA,311.01,22.42,
P23-179-T0-C,Tiedemans,179,2023,9:15,0,21.2,56.3,4.99,818,NA,331.87,11.83,
P23-179-T0-C,Tiedemans,179,2023,9:15,0.25,21.2,50.4,4.47,820,NA,404,11.89,
P23-179-T0-C,Tiedemans,179,2023,9:15,0.5,21.1,38.8,3.45,821,NA,434.7,12.9,
P23-179-W0-C,LakeviewWest,179,2023,1:27,0,27.4,35.9,10.77,454.9,NA,80.9,2.9,
P23-179-W0-C,LakeviewWest,179,2023,1:27,0.25,27.3,135.2,10.76,454.6,NA,88.91,3.15,
P23-179-W0-C,LakeviewWest,179,2023,1:27,0.5,25.1,125.8,10.33,453.3,NA,113.97,3.97,
P23-179-W0-C,LakeviewWest,179,2023,1:27,0.75,24.2,72.5,6.31,451.4,NA,164.21,5.48,
P23-179-W0-C,LakeviewWest,179,2023,1:27,1,23.8,23.7,1.96,453.1,NA,303.62,23.78,
P23-184-F0-C,Forebay,184,2023,11:15,0,27.4,28.3,2.24,643,NA,77.86,2.2,
P23-184-S0-C,Strickers,184,2023,1:04,0,31.1,325.7,24,758,NA,95.07,8.97,
P23-184-S0-C,Strickers,184,2023,1:04,0.25,29.5,299.8,22.74,754,NA,154.31,13.5,
P23-184-S0-C,Strickers,184,2023,1:04,0.5,26.1,52.2,3.85,702,NA,355.82,27.26,
P23-184-T0-C,Tiedemans,184,2023,9:18,0,25.6,90.6,7.39,885,NA,280.06,8.26,
P23-184-T0-C,Tiedemans,184,2023,9:18,0.25,25,67.2,5.55,889,NA,408.93,11.61,
P23-184-T0-C,Tiedemans,184,2023,9:18,0.5,24.3,31.8,2.49,886,NA,389.44,10.64,
P23-184-W0-C,LakeviewWest,184,2023,2:47,0,32.5,146.2,10.57,466.9,NA,30.09,1.05,
P23-184-W0-C,LakeviewWest,184,2023,2:47,0.25,30.4,164.2,12.37,463.7,NA,42.86,1.56,
P23-184-W0-C,LakeviewWest,184,2023,2:47,0.5,27.9,142.8,11.24,459.5,NA,64.91,2.2,
P23-184-W0-C,LakeviewWest,184,2023,2:47,0.75,26.6,100.2,8,461.3,NA,163.4,5.02,
P23-184-W0-C,LakeviewWest,184,2023,2:47,1,26.3,54.7,4.41,462.4,NA,426.6,16.46,
P23-186-S0-C,Strickers,186,2023,11:41,0,30,279.2,21.01,719,NA,164.4,15.82,
P23-186-S0-C,Strickers,186,2023,11:41,0.25,29.4,212.18,16.87,709,NA,204.76,24.21,
P23-186-S0-C,Strickers,186,2023,11:41,0.5,27.9,49.8,3.82,700,NA,404.92,26.45,
P23-186-T0-C,Tiedemans,186,2023,11:00,0,29.7,154.8,11.77,918,NA,208.7,7.79,
P23-186-T0-C,Tiedemans,186,2023,11:00,0.25,28.1,132.4,10.3,914,NA,221.16,7.68,
P23-186-T0-C,Tiedemans,186,2023,11:00,0.5,26.5,39,3.13,912,NA,311.25,9.5,
P23-186-W0-C,LakeviewWest,186,2023,12:19,0,30.4,191.5,14.37,467.4,NA,55.5,3,
P23-186-W0-C,LakeviewWest,186,2023,12:19,0.25,30,189.7,14.39,469.1,NA,73.85,3.06,
P23-186-W0-C,LakeviewWest,186,2023,12:19,0.5,28.5,152.3,11.78,467.3,NA,115.79,4.31,
P23-186-W0-C,LakeviewWest,186,2023,12:19,0.75,25,114.7,8.99,468.8,NA,157.79,5.68,
P23-186-W0-C,LakeviewWest,186,2023,12:19,1,27.5,34,2.7,472.2,NA,388.46,13.38,
P23-187-S0-C,Strickers,187,2023,9:35,0,25.2,77,6.32,523,NA,179.18,18.43,
P23-187-S0-C,Strickers,187,2023,9:35,0.25,25.2,79.1,6.5,521,NA,185.55,17.57,
P23-187-S0-C,Strickers,187,2023,9:35,0.5,25.1,52,4.24,526,NA,205.76,18.87,
P23-187-S0-C,Strickers,187,2023,9:35,0.75,25,5,0.41,542,NA,441.83,24.88,
P23-187-T0-C,Tiedemans,187,2023,9:05,0,21.5,29.7,2.51,256.5,NA,41.09,1.03,
P23-187-T0-C,Tiedemans,187,2023,9:05,0.25,21.3,29.8,2.64,257.7,NA,60.51,1.44,
P23-187-T0-C,Tiedemans,187,2023,9:05,0.5,21.1,25.3,2.24,266,NA,73.22,1.73,
P23-187-W0-C,LakeviewWest,187,2023,10:32,0,26.1,85.6,6.93,215.9,NA,110.25,3.93,
P23-187-W0-C,LakeviewWest,187,2023,10:32,0.25,25.8,71.4,6.41,215.9,NA,121.27,3.87,
P23-187-W0-C,LakeviewWest,187,2023,10:32,0.5,25.3,39.4,3.39,216.7,NA,108.92,3.49,
P23-187-W0-C,LakeviewWest,187,2023,10:32,0.75,25.2,20.1,1.64,217.6,NA,126.46,3.51,
P23-187-W0-C,LakeviewWest,187,2023,10:32,1,25.1,8.6,0.73,221,NA,155.06,4.2,
P23-191-F0-C,Forebay,191,2023,,0,21.3,97.5,8.63,582,NA,28.6,0.89,
P23-191-F0-C,Forebay,191,2023,,0.25,20.7,94.4,8.46,583,NA,34.17,0.87,
P23-191-S0-C,Strickers,191,2023,12:03,0,26.2,166.9,13.54,552,NA,206.31,18.02,
P23-191-S0-C,Strickers,191,2023,12:03,0.25,26.2,169.6,13.7,552,NA,183.03,18.93,
P23-191-S0-C,Strickers,191,2023,12:03,0.5,26.2,168.4,13.61,552,NA,198.83,18.94,
P23-191-S0-C,Strickers,191,2023,12:03,0.75,26.1,158.5,12.82,550,NA,345.52,20.84,
P23-191-W0-C,LakeviewWest,191,2023,1:37,0,29.5,228.2,17.42,241,NA,43.94,2.08,
P23-191-W0-C,LakeviewWest,191,2023,1:37,0.25,28.8,241.8,18.54,242.3,NA,61.05,2.62,
P23-191-W0-C,LakeviewWest,191,2023,1:37,0.5,26.4,238.8,19.35,240.6,NA,101.38,4.26,
P23-191-W0-C,LakeviewWest,191,2023,1:37,0.75,25.5,179.2,14.56,236.8,NA,199.85,7.42,
P23-191-W0-C,LakeviewWest,191,2023,1:37,1,25,129,9.67,237.4,NA,323,11,
P23-194-F0-C,Forebay,194,2023,10:45,0,21.5,50.7,4.47,138.9,NA,39.05,0.95,
P23-194-F0-C,Forebay,194,2023,10:45,0.25,20.5,48.6,4.37,136.9,NA,82.07,2.29,
P23-194-S0-C,Strickers,194,2023,12:12,0,23.2,113.7,9.7,428.1,NA,134.98,19.18,
P23-194-S0-C,Strickers,194,2023,12:12,0.25,23.2,116.4,9.95,427.8,NA,125.47,19.44,
P23-194-S0-C,Strickers,194,2023,12:12,0.5,22.9,107.3,9.2,427.3,NA,146.18,19.84,
P23-194-S0-C,Strickers,194,2023,12:12,0.75,22,70.7,6.14,428,NA,182.88,19.93,
P23-194-T0-C,Tiedemans,194,2023,9:17,0,19.2,25.8,2.39,140,NA,33.66,0.87,
P23-194-T0-C,Tiedemans,194,2023,9:17,0.25,19,23.3,2.18,139.9,NA,40.9,1.01,
P23-194-T0-C,Tiedemans,194,2023,9:17,0.5,18.8,20.4,1.9,139.3,NA,39.76,0.98,
P23-194-T0-C,Tiedemans,194,2023,9:17,0.75,18.8,18.2,1.71,141.3,NA,54.26,1.32,
P23-194-W0-C,LakeviewWest,194,2023,,0,25.8,128.4,10.45,119.4,NA,37.45,1.68,
P23-194-W0-C,LakeviewWest,194,2023,,0.25,24.4,129.7,10.83,120,NA,39.79,1.8,
P23-194-W0-C,LakeviewWest,194,2023,,0.5,22.6,126.2,10.9,119.2,NA,56.16,2.2,
P23-194-W0-C,LakeviewWest,194,2023,,0.75,21.4,79,7.05,117.4,NA,93.07,3.85,
P23-194-W0-C,LakeviewWest,194,2023,,1,21.2,43,3.78,120.8,NA,96.03,3.4,
P23-198-S0-C,Strickers,198,2023,10:14,0,24.3,146.7,12.21,189.4,NA,105.34,23.61,
P23-198-S0-C,Strickers,198,2023,10:14,0.25,24.3,146.1,12.26,384.3,NA,129.97,25.25,
P23-198-S0-C,Strickers,198,2023,10:14,0.5,24.3,146.2,12.12,383.9,NA,152.02,25.5,
P23-198-S0-C,Strickers,198,2023,10:14,0.75,24,113,9.59,382.9,NA,180.71,25.05,
P23-198-S0-C,Strickers,198,2023,10:14,1,23.8,93.8,7.86,382.1,NA,173.26,9.6,
P23-198-T0-C,Tiedemans,198,2023,9:02,0,21.8,67.7,5.93,425.5,NA,68.14,8.34,
P23-198-T0-C,Tiedemans,198,2023,9:02,0.25,21.8,68.3,5.97,425.9,NA,69.1,8.25,
P23-198-T0-C,Tiedemans,198,2023,9:02,0.5,21.6,67.1,5.91,428.9,NA,83.95,8.02,
P23-198-T0-C,Tiedemans,198,2023,9:02,0.75,21.5,60.5,5.36,428.3,NA,76.6,8.15,
P23-198-W0-C,LakeviewWest,198,2023,11:19,0,26.2,188.4,15.27,107.2,NA,40.85,2.22,
P23-198-W0-C,LakeviewWest,198,2023,11:19,0.25,25,190.1,15.75,107.9,NA,63.15,2.83,
P23-198-W0-C,LakeviewWest,198,2023,11:19,0.5,24.6,189.5,15.79,107.7,NA,80.44,3.71,
P23-198-W0-C,LakeviewWest,198,2023,11:19,0.75,23.9,145.2,12.31,105.5,NA,130.08,5.38,
P23-198-W0-C,LakeviewWest,198,2023,11:19,1,23.7,105.5,8.93,109.4,NA,256.48,10.41,
P23-199-E0-C,Elver,199,2023,14:10,0,26.9,110.1,8.77,434.5,NA,19.25,0.37,
P23-199-E0-C,Elver,199,2023,14:10,0.25,26.8,108.69,8.7,434.2,NA,25.07,0.47,
P23-199-E0-C,Elver,199,2023,14:10,0.5,24.2,111.5,9.33,430,NA,33.32,0.58,
P23-199-E0-C,Elver,199,2023,14:10,1,23,63,5.36,428.2,NA,49.72,0.95,
P23-199-E0-C,Elver,199,2023,14:10,1.5,22.4,10.5,0.92,438.8,NA,103.86,1.75,
P23-199-E0-C,Elver,199,2023,14:10,2,21.8,2.6,0.23,444.8,NA,168.92,3.45,
P23-199-E0-C,Elver,199,2023,14:10,2.5,20.8,1.6,0.15,459.3,NA,53.49,1.33,
P23-199-L0-C,Lakeview,199,2023,11:35,0,25.6,253.3,20.61,616,NA,14.25,0.27,
P23-199-L0-C,Lakeview,199,2023,11:35,0.25,24.6,218.2,18.33,622,NA,11.48,0.54,
P23-199-L0-C,Lakeview,199,2023,11:35,0.5,24,160.9,13.89,637,NA,3.97,0.19,
P23-199-L0-C,Lakeview,199,2023,11:35,0.75,23.5,140,11.87,640,NA,2.51,0.08,
P23-199-L0-C,Lakeview,199,2023,11:35,1,23.4,91.1,7.98,645,NA,4.59,0.03,
P23-199-O0-C,OrchidNorth,199,2023,9:48,0,24.1,128.2,10.7,352.6,NA,30.57,0.89,
P23-199-O0-C,OrchidNorth,199,2023,9:48,0.25,23.7,106.9,9,355,NA,83.92,2.18,
P23-199-O0-C,OrchidNorth,199,2023,9:48,0.5,23.3,97.3,8.3,354.1,NA,237.33,5.72,
P23-199-O0-C,OrchidNorth,199,2023,9:48,0.75,23.1,88.4,7.54,356.5,NA,68.96,1.47,
P23-199-O0-C,OrchidNorth,199,2023,9:48,1,22.8,98.6,8.5,360.7,NA,36.36,0.72,
P23-200-F0-S,Forebay,200,2023,9:56,0,22.3,24.5,2.11,193.3,NA,41.49,0.81,
P23-200-S0-C,Strickers,200,2023,11:19,0,24.7,196.6,16.31,391.2,NA,108.14,25.41,
P23-200-S0-C,Strickers,200,2023,11:19,0.25,24.7,194.5,16.19,395,NA,135.32,28.61,
P23-200-S0-C,Strickers,200,2023,11:19,0.5,24.5,174.1,14.62,391.2,NA,154.49,28.07,
P23-200-S0-C,Strickers,200,2023,11:19,0.75,23.6,97.7,8.32,387.2,NA,256.88,30.21,
P23-200-T0-C,Tiedemans,200,2023,8:34,0,22.9,43.2,3.73,220.2,NA,28.31,7.03,
P23-200-T0-C,Tiedemans,200,2023,8:34,0.25,22.8,32.3,2.79,453.9,NA,46.24,6.83,
P23-200-T0-C,Tiedemans,200,2023,8:34,0.5,22.7,27,2.32,453.5,NA,50.02,6.94,
P23-200-W0-C,LakeviewWest,200,2023,13:08,0,28.6,260.4,20.13,121.9,NA,28.72,2.32,
P23-200-W0-C,LakeviewWest,200,2023,13:08,0.25,28.2,272.8,21.25,122.7,NA,39.66,2.48,
P23-200-W0-C,LakeviewWest,200,2023,13:08,0.5,25,283.1,22.92,123.3,NA,71.56,3.7,
P23-200-W0-C,LakeviewWest,200,2023,13:08,0.75,24.6,239.6,20.22,116.3,NA,91.72,5.3,
P23-200-W0-C,LakeviewWest,200,2023,13:08,1,24.2,136.3,11.5,115.6,NA,417.65,13.36,
P23-208-F0-S,Forebay,208,2023,10:45,0,26.8,10.6,0.85,137.4,NA,74.41,1.68,
P23-208-S0-C,Strickers,208,2023,12:20,0,30.6,306.8,22.91,459.2,NA,102.92,29.81,
P23-208-S0-C,Strickers,208,2023,12:20,0.25,28.4,251.8,19.47,423.2,NA,161.33,34.77,
P23-208-S0-C,Strickers,208,2023,12:20,0.5,26.6,92.6,7.24,395.8,NA,156.91,35.12,
P23-208-S0-C,Strickers,208,2023,12:20,0.75,25.9,4.5,0.36,394.2,NA,394,48.26,
P23-208-T0-C,Tiedemans,208,2023,9:17,0,27.2,152.8,12.09,480.4,NA,90.03,14.39,
P23-208-T0-C,Tiedemans,208,2023,9:17,0.25,26.9,105.3,8.31,477.5,NA,101.69,12.6,
P23-208-T0-C,Tiedemans,208,2023,9:17,0.5,26,26.9,2.2,477.7,NA,112.66,13.06,
P23-208-T0-C,Tiedemans,208,2023,9:17,0.75,25.7,10.6,0.91,475.7,NA,122.34,12.84,
P23-208-W0-C,LakeviewWest,208,2023,,0,32.8,206.3,14.62,129.5,NA,42.16,5.32,
P23-208-W0-C,LakeviewWest,208,2023,,0.5,26.9,147.9,11.83,126.2,NA,77.31,7.04,
P23-208-W0-C,LakeviewWest,208,2023,,0.75,26,56.9,4.62,127.8,NA,107.71,7.06,
P23-208-W0-C,LakeviewWest,208,2023,,1,25.7,12.3,1.04,131.1,NA,175.09,8.55,
P23-208-W0-C,LakeviewWest,208,2023,,0.25,31,205.7,15.56,129.2,NA,63.34,6.26,
P23-213-F0-C,Forebay,213,2023,10:19,0,24.6,73.4,6.1,162.1,NA,105.97,2.49,
P23-213-F0-C,Forebay,213,2023,10:19,0.25,23.4,65.8,5.57,160.2,NA,148.2,3.29,
P23-213-S0-C,Strickers,213,2023,11:46,0,26.3,188.7,15.29,169.5,,84.92,24.22,
P23-213-S0-C,Strickers,213,2023,11:46,0.25,25.3,119.8,9.89,261.2,,104.39,24.33,
P23-213-S0-C,Strickers,213,2023,11:46,0.5,25.1,100.6,8.25,259.7,,122.86,23.32,
P23-213-S0-C,Strickers,213,2023,11:46,0.75,24.8,46,4.18,259.3,,124.04,21.45,
P23-213-S0-C,Strickers,213,2023,11:46,1,24.6,13.4,1.12,265.6,,215.76,28.75,
P23-213-T0-C,Tiedemans,213,2023,9:10,0,25.9,178.2,14.98,354.9,,69.9,14.35,
P23-213-T0-C,Tiedemans,213,2023,9:10,0.25,25.5,155.2,12.63,353,,113.73,14.84,
P23-213-T0-C,Tiedemans,213,2023,9:10,0.5,24.9,113.7,9.4,351.8,,104.32,14.36,
P23-213-T0-C,Tiedemans,213,2023,9:10,0.75,24.7,88.1,7.32,351.5,,95.84,13.45,
P23-213-T0-C,Tiedemans,213,2023,9:10,1,24.5,75.6,6.3,351.3,,83.21,13.66,
P23-216-F0-S,Forebay,216,2023,10:26,0,26.2,71.5,5.35,249.8,,94.89,2.26,
P23-216-S0-C,Strickers,216,2023,,0,28,221.1,17.56,299.7,,118.69,33.91,
P23-216-S0-C,Strickers,216,2023,,0.25,27.8,229,17.99,292.4,,121.83,31.1,
P23-216-S0-C,Strickers,216,2023,,0.5,27.6,193.4,14.4,276.8,,119.51,30.89,
P23-216-S0-C,Strickers,216,2023,,0.75,27.2,151.8,11.92,271.6,,167.68,30.8,
P23-216-S0-C,Strickers,216,2023,,1,26.7,58.4,4.69,276.1,,386.11,43.25,
P23-216-T0-C,Tiedemans,216,2023,9:18,0,26.9,148.3,11.9,355.8,,74.26,11.59,
P23-216-T0-C,Tiedemans,216,2023,9:18,0.25,26.8,136.4,10.85,355.6,,78.8,11.51,
P23-216-T0-C,Tiedemans,216,2023,9:18,0.5,26.7,105.8,8.45,355.4,,93.74,11.25,
P23-216-T0-C,Tiedemans,216,2023,9:18,0.75,26.6,102.7,8.28,355.2,,97.74,11.34,
P23-216-T0-C,Tiedemans,216,2023,9:18,1,26.6,90.5,7.35,355.9,,111.85,13.02,
P23-216-W0-C,LakeviewWest,216,2023,13:23,0,29.9,206.8,15.63,360.6,,73.53,10.46,
P23-216-W0-C,LakeviewWest,216,2023,13:23,0.25,29.6,209.8,15.96,359.3,,83.48,10.21,
P23-216-W0-C,LakeviewWest,216,2023,13:23,0.5,27.8,141.7,11.14,352.9,,95.78,12.13,
P23-216-W0-C,LakeviewWest,216,2023,13:23,0.75,27.2,74.2,5.49,346.8,,82.26,12.06,
P23-216-W0-C,LakeviewWest,216,2023,13:23,1,26.9,53.2,4.24,345.9,,121.71,11.96,
P23-216-W0-C,LakeviewWest,216,2023,13:23,1.25,26.8,35.4,2.75,343.1,,118.94,12.9,
P23-216-W0-C,LakeviewWest,216,2023,13:23,1.5,26.5,10.3,0.82,337.9,,137.18,13.55,
P23-222-F0-S,Forebay,222,2023,11:05,0,23.8,98,8.27,572,7.54,56.79,1.49,
P23-222-S0-C,Strickers,222,2023,12:19,0,26.1,92.2,15.27,309.8,10.24,109.76,43.25,
P23-222-S0-C,Strickers,222,2023,12:19,0.25,26,193.8,15.61,308.6,10.23,114.4,40.78,
P23-222-S0-C,Strickers,222,2023,12:19,0.5,25.9,185.3,15.27,305.1,10.1,124.26,39.26,
P23-222-S0-C,Strickers,222,2023,12:19,0.75,24.4,96.5,8.09,288.3,9.31,165.52,40.25,
P23-222-T0-C,Tiedemans,222,2023,9:24,0,23.9,82.1,6.91,377.7,8.6,59.71,12.08,
P23-222-T0-C,Tiedemans,222,2023,9:24,0.25,23.3,86.8,7.39,373.6,8.84,79.93,12.8,
P23-222-T0-C,Tiedemans,222,2023,9:24,0.5,23,23.2,1.99,376.3,7.11,91.7,12.53,
P23-222-T0-C,Tiedemans,222,2023,9:24,0.75,22.9,32.5,2.81,375.5,7.36,99.28,13.38,
P23-222-W0-C,LakeviewWest,222,2023,2:13,0,30.2,197.2,14.83,372.3,9.67,56.79,2.5,
P23-222-W0-C,LakeviewWest,222,2023,2:13,0.25,28.3,214.9,16.91,371,9.74,81.44,8.09,
P23-222-W0-C,LakeviewWest,222,2023,2:13,0.5,25,92.1,9.17,362.4,9.07,121.23,11.45,
P23-222-W0-C,LakeviewWest,222,2023,2:13,0.75,24.5,26.1,2.17,363.8,7.24,122.72,12.17,
P23-222-W0-C,LakeviewWest,222,2023,2:13,1,24.4,8,0.67,364.4,7.04,159.88,12.55,
P23-229-F0-S,Forebay,229,2023,,0,21.7,48.4,4.14,140,7.12,50.05,1.09,
P23-229-S0-C,Strickers,229,2023,,0,23.1,120.2,10.29,221.4,9.87,126.76,27.26,
P23-229-S0-C,Strickers,229,2023,,0.25,23.1,123.3,10.48,221.9,9.88,100.48,26.19,
P23-229-S0-C,Strickers,229,2023,,0.5,23.1,121.7,10.43,221.5,9.88,109.56,25.29,
P23-229-S0-C,Strickers,229,2023,,0.75,23,119.6,10.26,221.5,9.85,117.35,24.92,
P23-229-S0-C,Strickers,229,2023,,1,22.9,116.1,10.02,220.9,9.74,168.3,32.22,
P23-229-T0-C,Tiedemans,229,2023,,0,22.1,74.2,6.38,288.9,9.07,74.31,14.52,
P23-229-T0-C,Tiedemans,229,2023,,0.25,22.2,72.6,6.32,287.8,9.07,73.46,15.72,
P23-229-T0-C,Tiedemans,229,2023,,0.5,22.2,73.8,6.45,287.9,9.11,71.83,14.94,
P23-229-T0-C,Tiedemans,229,2023,,0.75,22.3,74.8,6.47,287.7,9.1,73.99,14.76,
P23-229-T0-C,Tiedemans,229,2023,,1,22.3,73.7,6.38,287.4,9.09,78.43,14.39,
P23-229-W0-C,LakeviewWest,229,2023,,0,25.7,159.7,13.4,214.6,9.91,58.66,9.95,
P23-229-W0-C,LakeviewWest,229,2023,,0.25,24.2,164.8,13.62,205.4,9.76,88.67,11.24,
P23-229-W0-C,LakeviewWest,229,2023,,0.5,23.3,139.8,11.92,201.1,9.52,121.44,12.03,
P23-229-W0-C,LakeviewWest,229,2023,,0.75,22.7,81.5,6.83,192.5,7.94,111.82,11.29,
P23-229-W0-C,LakeviewWest,229,2023,,1,22.4,69.7,5.97,189.1,7.62,102.75,10.59,
P23-229-W0-C,LakeviewWest,229,2023,,1.25,22.3,55.8,4.78,188.1,7.42,108.29,10.43,
P23-229-W0-C,LakeviewWest,229,2023,,1.5,22.2,30.2,2.63,172,7.15,121.79,10.66,
P23-233-S0-C,Strickers,233,2023,10:15,0,25.5,155.3,12.69,238.2,10.11,111.88,25.05,
P23-233-S0-C,Strickers,233,2023,10:15,0.25,25.2,119.1,9.7,228.5,9.82,128.17,25.3,
P23-233-S0-C,Strickers,233,2023,10:15,0.5,25,108.1,8.83,226.1,9.73,119.6,23.66,
P23-233-S0-C,Strickers,233,2023,10:15,0.75,24.9,69.6,5.72,221.7,9.28,141.23,25.13,
P23-233-S0-C,Strickers,233,2023,10:15,1,24.8,29.6,2.15,235.1,6.73,124.09,10.8,
P23-233-T0-C,Tiedemans,233,2023,9:00,0,24.7,65.6,5.39,300.5,8.89,63.78,13.76,
P23-233-T0-C,Tiedemans,233,2023,9:00,0.25,24.7,67,5.2,300.8,8.57,70.06,13.31,
P23-233-T0-C,Tiedemans,233,2023,9:00,0.5,24.5,39.8,3.31,303.2,7.71,80.32,13.4,
P23-233-T0-C,Tiedemans,233,2023,9:00,0.75,24.3,24.3,2.01,305.5,7.32,58.28,11.59,
P23-233-T0-C,Tiedemans,233,2023,9:00,1,22.4,4,0.34,309.4,6.94,118.53,20.88,
P23-233-W0-C,LakeviewWest,233,2023,11:00,0,26,157.4,12.89,242.7,9.76,28.84,5.18,
P23-233-W0-C,LakeviewWest,233,2023,11:00,0.25,25.9,165.2,13.42,243.1,9.71,43.68,7.48,
P23-233-W0-C,LakeviewWest,233,2023,11:00,0.5,24.5,106.7,8.59,236.7,8.52,98.72,10.81,
P23-233-W0-C,LakeviewWest,233,2023,11:00,0.75,24.2,71.4,7.7,236.5,7.61,92.83,12.12,
P23-233-W0-C,LakeviewWest,233,2023,11:00,1,23.6,17.8,1.33,247.2,6.83,276.83,21.47,
P23-240-F0-S,Forebay,240,2023,10:28,0,21.5,109.1,9.64,280.8,7.51,182.34,4.85,
P23-240-S0-C,Strickers,240,2023,,0,22.2,87.7,7.62,323.7,7.88,74.33,15.11,
P23-240-S0-C,Strickers,240,2023,,0.25,22.3,85.2,7.4,324,7.81,76.8,14.56,
P23-240-S0-C,Strickers,240,2023,,0.5,22.3,84.4,7.33,323.9,7.79,75.12,13.99,
P23-240-S0-C,Strickers,240,2023,,0.75,22.3,84.4,7.32,323.9,7.77,86.82,14.2,
P23-240-S0-C,Strickers,240,2023,,1,22.3,84.1,7.29,324.1,7.74,67.5,14.26,
P23-240-T0-C,Tiedemans,240,2023,,0,24.4,108.9,9.29,2.5,9.91,11.24,24.96,
P23-240-T0-C,Tiedemans,240,2023,,0.25,24.3,182.2,15.49,247.9,9.89,123.7,31.46,
P23-240-T0-C,Tiedemans,240,2023,,0.5,24.1,185.4,15.51,246.9,9.85,145.29,29.76,
P23-240-T0-C,Tiedemans,240,2023,,0.75,23.7,159.6,13.5,241.7,9.61,192.72,31.33,
P23-240-W0-C,LakeviewWest,240,2023,13:33,0,27.5,239,18.79,276.2,9.58,69.41,9.59,
P23-240-W0-C,LakeviewWest,240,2023,13:33,0.25,25.4,229.1,18.96,282.5,9.6,92.04,11.76,
P23-240-W0-C,LakeviewWest,240,2023,13:33,0.5,23.8,163.5,13.79,280.7,8.92,130.44,13.5,
P23-240-W0-C,LakeviewWest,240,2023,13:33,0.75,23.4,108.2,9.15,291.6,7.77,126.09,13.38,
P23-240-W0-C,LakeviewWest,240,2023,13:33,1,23.2,96.5,8.22,291.6,7.53,132.54,13.66,
P23-240-W0-C,LakeviewWest,240,2023,13:33,1.25,23.2,84.4,7.28,289.2,7.4,138.16,13.78,
P23-240-W0-C,LakeviewWest,240,2023,13:33,1.5,23.1,79.3,6.75,287.3,7.22,155.64,15.36,
P23-247-W0-C,LakeviewWest,247,2023,11:20,0,25.2,136.2,11.24,336.4,9.36,91.57,10.43,
P23-247-W0-C,LakeviewWest,247,2023,11:20,0.25,25,133.6,10.95,336.6,9.17,92.39,12.04,
P23-247-W0-C,LakeviewWest,247,2023,11:20,0.5,24.4,69.7,5.55,337.1,7.67,131.29,14.92,
P23-247-W0-C,LakeviewWest,247,2023,11:20,0.75,23.6,21.4,1.75,337.2,7.18,164.35,18.07,
P23-247-W0-C,LakeviewWest,247,2023,11:20,1,22.6,5.3,0.44,348.4,6.85,323.05,33.89,
P23-248-S0-C,Strickers,248,2023,10:33,0,25.3,109.2,8.98,252,9.78,144,40.4,
P23-248-S0-C,Strickers,248,2023,10:33,0.25,25.2,106,8.72,251.3,9.74,160,41.4,
P23-248-S0-C,Strickers,248,2023,10:33,0.5,25.2,102.6,8.42,250.9,9.71,155,39.7,
P23-248-S0-C,Strickers,248,2023,10:33,0.75,25.2,95,7.68,249.7,9.55,300,53,
P23-248-T0-C,Tiedemans,248,2023,9:11,0,25.3,76.5,6.28,342.6,9.32,68,13.4,
P23-248-T0-C,Tiedemans,248,2023,9:11,0.25,25.3,75.4,6.19,343,9.32,80,12.9,
P23-248-T0-C,Tiedemans,248,2023,9:11,0.5,25.3,75.6,6.2,343,9.32,86,12.5,
P23-248-T0-C,Tiedemans,248,2023,9:11,0.75,25.3,9,0.8,354.1,7.6,170,28.8,
P23-261-S0-C,Strickers,261,2023,9:49,0,18.7,90.7,8.46,249.5,9.35,276.73,60.77,
P23-261-S0-C,Strickers,261,2023,9:49,0.25,18.7,92.1,8.53,249.5,9.38,268.78,59.63,
P23-261-S0-C,Strickers,261,2023,9:49,0.5,18.5,76.1,7.07,249,9.07,313.13,59.85,
P23-261-S0-C,Strickers,261,2023,9:49,0.75,18.6,66.6,6.22,250.9,8.53,413.5,69.84,
P23-261-T0-C,Tiedemans,261,2023,8:50,0,17.7,31.9,3.04,432.6,7.53,91.97,19.98,
P23-261-T0-C,Tiedemans,261,2023,8:50,0.25,17.6,29.7,2.83,427.6,7.49,113.33,19.42,
P23-261-T0-C,Tiedemans,261,2023,8:50,0.5,17.6,25.5,2.43,440.3,7.43,98.39,17.54,
P23-261-T0-C,Tiedemans,261,2023,8:50,0.75,17.8,18.8,1.78,539,7.32,96.57,16.32,
P23-261-W0-C,LakeviewWest,261,2023,11:07,0,19.5,95.2,8.55,328.2,7.91,138.83,15.04,
P23-261-W0-C,LakeviewWest,261,2023,11:07,0.25,18.7,57.4,5.38,320.3,7.58,136.24,10.76,
P23-261-W0-C,LakeviewWest,261,2023,11:07,0.5,18.5,34.5,3.26,321.6,7.31,143.78,15.7,
P23-261-W0-C,LakeviewWest,261,2023,11:07,0.75,18.4,24.8,2.31,323.5,7.22,162.44,15.09,
P23-261-W0-C,LakeviewWest,261,2023,11:07,1,18.4,18.3,1.72,325.5,7.18,192.87,16.2,
P23-276-S0-C,Strickers,276,2023,11:30,0,22.1,129,11.29,200.2,9.94,267.96,46.53,
P23-276-S0-C,Strickers,276,2023,11:30,0.25,21.9,136,12.18,203,10.06,242.11,47.56,
P23-276-S0-C,Strickers,276,2023,11:30,0.5,21.9,124.6,10.87,199.4,9.87,277.33,46.65,
P23-276-S0-C,Strickers,276,2023,11:30,0.75,21.8,107.2,9.36,195.3,9.64,311.64,49.36,
P23-276-T0-C,Tiedemans,276,2023,10:00,0,21.7,49.3,4.32,311.5,7.65,101.84,14.22,
P23-276-T0-C,Tiedemans,276,2023,10:00,0.25,21.7,46.7,4.11,308.3,7.65,124.19,14.41,
P23-276-T0-C,Tiedemans,276,2023,10:00,0.5,20.9,17.1,1.46,309.6,7.35,152.96,14.81,
P23-276-T0-C,Tiedemans,276,2023,10:00,0.75,20.7,7.8,0.67,308.4,7.27,167.65,16.2,
P23-276-W0-C,LakeviewWest,276,2023,12:45,0,24.6,137,11.49,286.4,9.03,76.23,11.96,
P23-276-W0-C,LakeviewWest,276,2023,12:45,0.25,23.5,128.4,10.87,290.3,8.9,92.15,15.51,
P23-276-W0-C,LakeviewWest,276,2023,12:45,0.5,20.5,62.1,4.86,285.7,7.76,111.28,16.78,
P23-276-W0-C,LakeviewWest,276,2023,12:45,0.75,20,21.6,1.87,284.3,7.25,129.68,18.83,
P23-276-W0-C,LakeviewWest,276,2023,12:45,1,19.8,5.7,0.51,286.5,6.97,176.79,20.46,
P23-290-S0-C,Strickers,290,2023,9:55,0,10.6,120,13.34,160.5,9.29,89.24,27.02,
P23-290-S0-C,Strickers,290,2023,9:55,0.25,10.2,106.1,12.1,160.3,8.74,251.33,36.41,
P23-290-S0-C,Strickers,290,2023,9:55,0.5,10.1,95.8,10.77,163.8,6.97,653.67,121.07,
P23-290-S0-C,Strickers,290,2023,9:55,0.75,10.6,9.2,0.95,245,6.8,105.66,33.95,
P23-290-S0-C,Strickers,290,2023,9:55,1,10.6,5.4,0.58,245.1,6.81,99.07,34.52,
P23-290-W0-C,LakeviewWest,290,2023,11:00,0,11.5,88.2,9.62,113.8,7.52,30.79,3.28,
P23-290-W0-C,LakeviewWest,290,2023,11:00,0.25,10.8,81.4,9.02,113.8,7.37,80.05,6.13,
P23-290-W0-C,LakeviewWest,290,2023,11:00,0.5,10.8,78.1,8.67,118.3,6.73,554.17,27.84,
P23-290-W0-C,LakeviewWest,290,2023,11:00,0.75,10.9,7.8,0.85,274.9,6.59,54.23,9.57,
P23-290-W0-C,LakeviewWest,290,2023,11:00,1,11,4,0.43,276.1,6.6,46.76,8.73,
P23-311-S0-C,Strickers,311,2023,10:45,0,9.4,104.2,11.97,167.8,7.86,157.44,18.26,
P23-311-S0-C,Strickers,311,2023,10:45,0.25,9.2,104.7,12.04,167.5,7.85,197.22,24.09,
P23-311-S0-C,Strickers,311,2023,10:45,0.5,9.1,104,11.94,167.1,7.82,184.22,25.58,
P23-311-S0-C,Strickers,311,2023,10:45,0.75,9,102.3,11.78,168.2,7.77,206.4,26.21,
P23-311-S0-C,Strickers,311,2023,10:45,1,9,100.2,11.55,168.3,7.71,294.08,30.61,
P23-311-T0-C,Tiedemans,311,2023,9:50,0,9.3,77,8.82,274.3,7.48,182.65,6.87,
P23-311-T0-C,Tiedemans,311,2023,9:50,0.25,9.1,74.5,8.57,273.6,7.46,215.88,8.92,
P23-311-T0-C,Tiedemans,311,2023,9:50,0.5,9,71.8,8.27,273,7.43,259.29,11.52,
P23-311-T0-C,Tiedemans,311,2023,9:50,0.75,9.1,68.9,7.93,272.8,7.4,285.88,11.95,
P23-311-W0-C,LakeviewWest,311,2023,11:50,0,10.1,92.2,10.36,113.3,7.58,76.26,2.12,
P23-311-W0-C,LakeviewWest,311,2023,11:50,0.25,10.2,91.6,10.26,113.4,7.48,97.73,2.67,
P23-311-W0-C,LakeviewWest,311,2023,11:50,0.5,9.4,70.9,8.16,113.2,7.28,120.62,3.39,
P23-311-W0-C,LakeviewWest,311,2023,11:50,0.75,8.5,54.2,6.33,114,7.11,116.86,3.65,
P23-311-W0-C,LakeviewWest,311,2023,11:50,1,8.1,23.9,2.84,118.2,6.88,172.1,5.65,
P24-060-F0-S,Forebay,60,2024,,0,4.3,96.8,12.26,3136,7.6,4.74,-0.35,
P24-060-S0-S,Strickers,60,2024,11:05,0,4.8,98.7,12.63,486.6,7.72,13.45,0.86,
P24-060-T0-S,Tiedemans,60,2024,10:43,0,4.1,83.5,10.92,377.9,7.73,80.39,1.41,
P24-060-T0-S,Tiedemans,60,2024,10:43,0.25,3.9,83.5,10.96,377.3,7.67,100.25,1.87,
P24-060-T0-S,Tiedemans,60,2024,10:43,0.5,3.8,82.9,10.91,346.6,7.63,105.14,2.01,
P24-060-T0-S,Tiedemans,60,2024,10:43,0.75,3.8,82.8,10.89,376.7,7.62,100.5,2.04,
P24-060-W0-S,LakeviewWest,60,2024,11:53,0,6.5,90.3,11.08,828,7.64,35.31,1.22,
P24-064-E0-V,Elver,64,2024,10:50,0,7.2,100.5,12.11,1726,8.16,39.21,0.85,
P24-064-L0-V,Lakeview,64,2024,10:23,0,8.4,99.5,11.68,956,8.37,22.84,-0.17,
P24-064-M0-V,McKee,64,2024,11:05,0,9.1,100.7,11.5,741,8.39,12.71,-0.01,
P24-064-O0-V,OrchidNorth,64,2024,10:09,0,8.1,102.4,12.05,531,8.64,37.55,0.68,
P24-075-F0-S,Forebay,75,2024,10:15,0,6.4,81.8,10.08,154.4,8.01,7.65,-0.31,
P24-075-S9-S,Strickers,75,2024,10:09,0,6.6,76.6,9.26,266.8,8.15,28.88,1.27,
P24-075-T0-S,Tiedemans,75,2024,9:35,0,7.8,69.3,8.02,296.4,8.13,35.69,0.24,
P24-075-T0-S,Tiedemans,75,2024,9:35,0.25,7.7,59.8,7.11,295,7.86,47.35,0.53,
P24-075-T0-S,Tiedemans,75,2024,9:35,0.5,7.5,56.5,6.75,295.2,7.71,57.34,0.67,
P24-075-T0-S,Tiedemans,75,2024,9:35,0.75,7.4,55.4,6.66,295.9,7.62,57.29,0.75,
P24-075-T0-S,Tiedemans,75,2024,9:35,1,7.4,55.8,6.71,295.5,7.56,58.42,1.08,
P24-075-W9-S,LakeviewWest,75,2024,10:40,0,9,98.3,11.28,611,8.12,30.22,0.16,
P24-138-F0-S,Forebay,138,2024,10:37,0,21.3,30.5,2.63,323.1,7.16,47.38,1.57,
P24-138-S0-C,Strickers,138,2024,9:54,0,21.2,180.6,15.46,324.7,10.45,54.38,6.81,
P24-138-S0-C,Strickers,138,2024,9:54,0.25,19.7,162.7,14.79,318.1,10.37,93.84,10.44,
P24-138-S0-C,Strickers,138,2024,9:54,0.5,19.3,150.4,13.85,307.3,10.28,105.51,10.24,
P24-138-S0-C,Strickers,138,2024,9:54,0.75,18.9,120.9,11.04,298.2,9.98,126.6,10.77,
P24-138-T0-C,Tiedemans,138,2024,9:35,0,20.7,64.8,5.66,343.1,7.38,65.44,2.64,
P24-138-T0-C,Tiedemans,138,2024,9:35,0.25,20,44.6,3.93,336.4,7.18,98.57,3.46,
P24-138-T0-C,Tiedemans,138,2024,9:35,0.5,19.7,38.2,3.43,336.3,7.11,119.77,3.97,
P24-138-T0-C,Tiedemans,138,2024,9:35,0.75,19.4,29.6,2.7,335.4,7,101.81,4.23,
P24-138-W0-C,LakeviewWest,138,2024,11:05,0,22.4,117.6,10.28,325.9,8.95,28.66,1.42,
P24-138-W0-C,LakeviewWest,138,2024,11:05,0.25,22.4,125.8,11.05,326.2,8.99,34.17,2.11,
P24-138-W0-C,LakeviewWest,138,2024,11:05,0.5,20.4,125.8,11.37,324.2,8.92,50.49,2.95,
P24-138-W0-C,LakeviewWest,138,2024,11:05,0.75,19.8,115.8,10.37,321.3,8.29,154.33,6.02,
P24-138-W0-C,LakeviewWest,138,2024,11:05,1,19.3,53.8,4.96,324.9,7.4,124.28,5.26,
P24-145-F0-S,Forebay,145,2024,10:45,0,17.8,11,1.03,197.2,6.44,58.25,1.38,
P24-145-S9-S,Strickers,145,2024,11:00,0,19.4,59.7,5.49,208.7,6.96,68.29,5.89,
P24-145-T0-C,Tiedemans,145,2024,10:07,0,19.7,94.2,8.66,243.1,7.98,95.8,4.99,
P24-145-W9-S,LakeviewWest,145,2024,11:30,0,19.7,67.2,6.14,186.3,6.95,84.3,4.05,
P24-150-F0-S,Forebay,150,2024,9:47,0,18.3,-1,-0.12,143.5,6.51,12.85,0.18,
P24-150-S0-C,Strickers,150,2024,10:42,0,19.3,143.7,13.57,159.3,9.05,24.05,3.36,
P24-150-S0-C,Strickers,150,2024,10:42,0.25,19.3,154.8,14.27,159.8,9.19,34.28,4.52,
P24-150-S0-C,Strickers,150,2024,10:42,0.5,19.2,155,14.33,159.8,9.21,39.77,5.79,
P24-150-S0-C,Strickers,150,2024,10:42,0.75,19.1,155.7,14.43,159.8,9.21,44.73,6.01,
P24-150-S0-C,Strickers,150,2024,10:42,1,18.8,153.1,14.15,159.5,9.06,49.84,6,
P24-150-T0-C,Tiedemans,150,2024,9:00,0,18.9,120.5,11.42,184.3,8.77,43.55,2.91,
P24-150-T0-C,Tiedemans,150,2024,9:00,0.25,18.1,132.5,12.53,184.2,9.02,67.58,4.14,
P24-150-T0-C,Tiedemans,150,2024,9:00,0.5,18,131.8,12.44,183.6,8.96,77.63,4.34,
P24-150-T0-C,Tiedemans,150,2024,9:00,0.75,17.9,123.2,11.68,183.5,8.61,75.61,4.15,
P24-150-T0-C,Tiedemans,150,2024,9:00,1,17.7,108.2,10.25,184.5,8.01,98.64,4.39,
P24-150-W0-C,LakeviewWest,150,2024,11:58,0,21.8,121.7,10.78,180.6,7.3,32.99,2.16,
P24-150-W0-C,LakeviewWest,150,2024,11:58,0.25,20.2,134.8,12.02,181.4,8.07,46.05,3.12,
P24-150-W0-C,LakeviewWest,150,2024,11:58,0.5,19.6,119.6,11.22,182.6,8.02,69.28,4.21,
P24-150-W0-C,LakeviewWest,150,2024,11:58,0.75,19.1,113.5,10.48,181.5,7.8,71.14,4.5,
P24-150-W0-C,LakeviewWest,150,2024,11:58,1,18.8,105.8,9.86,181.2,7.63,76.63,4.55,
P24-150-W0-C,LakeviewWest,150,2024,11:58,1.25,18.6,102.2,9.67,180.9,7.51,82.72,4.79,
P24-150-W0-C,LakeviewWest,150,2024,11:58,1.5,18.5,86.3,8.09,180.6,7.4,71.09,4.72,
P24-152-E9-S,Elver,152,2024,10:24,0,21.2,87.9,7.8,303.5,7.1,5.59,0.16,
P24-152-L9-S,Lakeview,152,2024,9:48,0,21,168.5,14.99,752,8.35,3.47,0.03,
P24-152-M9-S,McKee,152,2024,10:55,0,21.9,127.2,11.44,181,8.07,38.47,1.66,
P24-152-O9-S,OrchidNorth,152,2024,9:14,0,20.2,89.2,8.24,186.6,7.14,19.17,0.66,
P24-157-F0-S,Forebay,157,2024,9:35,0,21.9,4.1,0.32,132.3,6.69,20.8,0.44,
P24-157-S0-C,Strickers,157,2024,10:00,0,23.7,146.3,12.38,150.9,9.34,98.14,8.25,
P24-157-S0-C,Strickers,157,2024,10:00,0.25,23.7,148.2,12.53,151.2,9.43,98.07,9.1,
P24-157-S0-C,Strickers,157,2024,10:00,0.5,23.8,148.9,12.59,151.3,9.42,98.58,10.09,
P24-157-S0-C,Strickers,157,2024,10:00,0.75,23.7,146,12.39,150.9,9.35,111.06,9.7,
P24-157-T0-C,Tiedemans,157,2024,8:58,0,22.7,81.3,7,164.5,7.02,93.82,6.06,
P24-157-T0-C,Tiedemans,157,2024,8:58,0.25,22.8,76.8,6.62,164,7.19,101.44,6.08,
P24-157-T0-C,Tiedemans,157,2024,8:58,0.5,22.8,71.7,6.18,163.7,7.2,123.79,6.11,
P24-157-T0-C,Tiedemans,157,2024,8:58,0.75,22.7,67.8,5.87,162.4,7.15,129.19,6.04,
P24-157-T0-C,Tiedemans,157,2024,8:58,1,22.7,67,5.76,164.6,7.05,113.09,5.98,
P24-157-W0-C,LakeviewWest,157,2024,11:55,0,25.8,104.5,8.42,142.9,7.66,47.22,2.95,
P24-157-W0-C,LakeviewWest,157,2024,11:55,0.25,25,100.3,8.24,142.9,7.84,72.46,4.22,
P24-158-E9-S,Elver,158,2024,10:44,0,22.8,74.7,6.44,215.2,7.17,16.33,0.32,
P24-158-L9-S,Lakeview,158,2024,10:15,0,23,137.9,12.09,689,8.39,2.71,0.03,
P24-158-M9-S,McKee,158,2024,11:10,0,22.3,76.3,6.51,184.3,7.43,30.48,1.29,
P24-158-O9-S,OrchidNorth,158,2024,9:50,0,22.3,85.8,7.22,200.5,7.32,16.53,0.46,
P24-164-F0-S,Forebay,164,2024,10:04,0,23.3,86.8,7.36,302.1,6.91,31.29,1.28,
P24-164-S0-C,Strickers,164,2024,10:42,0,23.4,222.4,19.21,181.6,10.34,84.41,4.78,
P24-164-S0-C,Strickers,164,2024,10:42,0.25,23.2,238.9,20.41,182.9,10.36,96.06,5.88,
P24-164-S0-C,Strickers,164,2024,10:42,0.5,21.9,217.5,19.05,181.4,10.2,126.28,6.95,
P24-164-S0-C,Strickers,164,2024,10:42,0.75,20.7,171.5,15.17,160.3,9.86,187.82,9.95,
P24-164-T0-C,Tiedemans,164,2024,9:19,0,24,160.9,13.88,176.7,9.47,51.4,4.33,
P24-164-T0-C,Tiedemans,164,2024,9:19,0.25,22.2,161.2,13.92,182.3,9.46,97.75,5.89,
P24-164-T0-C,Tiedemans,164,2024,9:19,0.5,20.4,73.5,6.24,183.2,8.04,125.02,6.69,
P24-164-T0-C,Tiedemans,164,2024,9:19,0.75,19.8,58.1,5.25,182.7,7.69,148.6,7.03,
P24-164-W0-C,LakeviewWest,164,2024,11:45,0,27.2,153.8,13.15,184.2,8.55,38.03,2.21,
P24-164-W0-C,LakeviewWest,164,2024,11:45,0.25,24,194.8,16.63,183.3,9.2,97.68,3.78,
P24-164-W0-C,LakeviewWest,164,2024,11:45,0.5,21.9,186.7,16.03,181.1,8.72,159.41,6.74,
P24-164-W0-C,LakeviewWest,164,2024,11:45,0.75,21.1,117.2,10.47,181.5,7.65,184.57,7.32,
P24-164-W0-C,LakeviewWest,164,2024,11:45,1,20.9,27.2,2.26,184.2,6.81,327.66,13.05,
P24-170-F0-S,Forebay,170,2024,11:01,0,28.8,26.6,1.96,244.4,6.82,17.48,0.6,
P24-170-S0-C,Strickers,170,2024,10:16,0,26.9,160.8,12.85,168.5,9.95,105.63,9.12,
P24-170-S0-C,Strickers,170,2024,10:16,0.25,27,163.7,13.05,169.1,9.96,114.4,9.52,
P24-170-S0-C,Strickers,170,2024,10:16,0.5,26.9,161.2,12.85,168.2,9.94,128.59,9.71,
P24-170-S0-C,Strickers,170,2024,10:16,0.75,26.9,155.6,12.47,167.6,9.87,176.41,10.61,
P24-170-T0-C,Tiedemans,170,2024,11:29,0,28.5,180.1,13.96,191.7,9.66,95.61,12.31,
P24-170-T0-C,Tiedemans,170,2024,11:29,0.25,28.5,181.7,14.1,191.9,9.7,116.96,13.91,
P24-170-T0-C,Tiedemans,170,2024,11:29,0.5,28.5,182.1,14.14,192,9.72,134.76,14.37,
P24-170-T0-C,Tiedemans,170,2024,11:29,0.75,27.3,107.3,8.52,185.4,80.83,177.84,15.55,
P24-170-W0-C,LakeviewWest,170,2024,9:05,0,26.3,133.3,10.79,140.6,8.03,50.12,2.81,
P24-170-W0-C,LakeviewWest,170,2024,9:05,0.25,25.8,130.2,10.52,139.9,7.7,63.94,3.49,
P24-170-W0-C,LakeviewWest,170,2024,9:05,0.5,25.3,85.7,7.04,137.9,6.93,73.31,4.03,
P24-170-W0-C,LakeviewWest,170,2024,9:05,0.75,24.8,60,5.19,137.7,6.75,78.16,4.19,
P24-170-W0-C,LakeviewWest,170,2024,9:05,1,23.9,16.6,1.37,141.9,6.37,134.64,6.21,
P24-170-W0-C,LakeviewWest,170,2024,9:05,1.25,22.7,-2.7,-0.24,164.1,6.13,371.12,19.22,
P24-173-E9-S,Elver,173,2024,12:00,0,29.3,129.9,9.98,221.9,7.89,7.61,0.31,
P24-173-L9-S,Lakeview,173,2024,11:14,0,26.8,179.5,14.41,632,8.85,1.94,0.12,
P24-173-M9-S,McKee,173,2024,12:31,0,28.2,109.5,8.52,244.6,8.08,21.47,0.65,
P24-173-O9-S,OrchidNorth,173,2024,10:48,0,26,82.6,6.63,336.5,7.8,29.7,1.3,
P24-176-E9-S,Elver,176,2024,12:19,0,30.8,132.7,10.12,183.7,7.86,4.74,0.25,
P24-176-F0-S,Forebay,176,2024,11:30,0,26.8,125.7,9.86,140.3,8.59,83.06,7.49,
P24-176-L9-S,Lakeview,176,2024,10:19,0,26.4,210.4,16.97,609,8.82,3.61,0.12,
P24-176-M9-S,McKee,176,2024,13:00,0,29.1,133.8,10.12,182.8,7.95,17.27,0.54,
P24-176-O9-S,OrchidNorth,176,2024,9:54,0,24.4,71.3,5.94,154.1,7.25,15.87,0.47,
P24-176-S9-S,Strickers,176,2024,11:46,0,28.1,57.3,4.47,158.8,6.94,6.34,0.21,
P24-176-T0-S,Tiedemans,176,2024,11:04,0,29,348.8,26.81,202.9,10.31,48.13,16.07,
P24-176-W9-S,LakeviewWest,176,2024,10:44,0,25.6,179.6,14.61,122,9.26,104.72,14.08,
P24-178-F0-S,Forebay,178,2024,11:46,0,27.7,123,9.64,135.4,6.95,36.19,1.19,
P24-178-S0-C,Strickers,178,2024,10:50,0,26.9,209.8,16.74,141.4,9.95,48.23,11.15,
P24-178-S0-C,Strickers,178,2024,10:50,0.25,27,215.8,17.21,142.3,9.95,48.97,11.11,
P24-178-S0-C,Strickers,178,2024,10:50,0.5,26.7,206.4,16.51,140.6,9.9,50.41,11.55,
P24-178-S0-C,Strickers,178,2024,10:50,0.75,26.5,196.3,15.77,138.8,9.85,64.88,11.05,
P24-178-S0-C,Strickers,178,2024,10:50,1,25.8,94,7.66,133.9,8.35,177.2,13.97,
P24-178-T0-C,Tiedemans,178,2024,9:25,0,26.3,237.1,19.14,168.9,9.98,130.44,23.91,
P24-178-T0-C,Tiedemans,178,2024,9:25,0.25,26.3,239,19.27,169,9.98,136.32,23.35,
P24-178-T0-C,Tiedemans,178,2024,9:25,0.5,26.3,240.2,19.45,169.8,10.02,141.19,22.54,
P24-178-T0-C,Tiedemans,178,2024,9:25,0.75,26.3,255.2,20.58,171.4,10.05,147.78,22.45,
P24-178-W0-C,LakeviewWest,178,2024,12:31,0,31.2,361.4,26.86,206.6,10.37,52.76,12.26,
P24-178-W0-C,LakeviewWest,178,2024,12:31,0.25,27.8,292.3,22.93,191.1,10.3,137.79,22.57,
P24-178-W0-C,LakeviewWest,178,2024,12:31,0.5,26.9,133,10.52,152.5,9.82,127.9,18.8,
P24-178-W0-C,LakeviewWest,178,2024,12:31,0.75,26.2,97.3,7.85,153.8,9.1,153.75,21.05,
P24-178-W0-C,LakeviewWest,178,2024,12:31,1,26.1,84,6.83,153.6,8.89,143.71,21.24,
P24-178-W0-C,LakeviewWest,178,2024,12:31,1.25,25.9,43.6,3.56,149.8,7.9,125.78,17.69,
P24-178-W0-C,LakeviewWest,178,2024,12:31,1.5,25.4,2,0.16,148.9,7.21,130.97,16.06,
P24-183-E9-S,Elver,183,2024,10:41,0,,,10.29,154.5,8.56,7.08,0.18,
P24-183-F0-S,Forebay,183,2024,9:58,0,,,4.29,120.4,7.96,58.87,5.87,
P24-183-L9-S,Lakeview,183,2024,9:09,0,,,13.07,593,8.8,3.78,0.12,
P24-183-M9-S,McKee,183,2024,11:03,0,,,10.48,176,8.59,43.62,1.69,
P24-183-O9-S,OrchidNorth,183,2024,8:48,0,,,6.91,155.9,7.45,27.95,1.1,
P24-183-S9-S,Strickers,183,2024,10:11,0,,,5.47,182.5,7.07,52.07,1.67,
P24-183-T0-S,Tiedemans,183,2024,9:44,0,,,10.58,146.9,9.75,144.63,16.95,
P24-183-W9-S,LakeviewWest,183,2024,9:25,0,,,4.99,128.9,9.26,169.63,18.35,
P24-185-E9-S,Elver,185,2024,11:47,0,26.2,104.1,8.89,133.3,7.56,10.61,0.42,
P24-185-F0-S,Forebay,185,2024,11:17,0,24.8,62.8,5.25,126.4,7.26,10.95,0.27,
P24-185-L9-S,Lakeview,185,2024,9:14,0,22.7,93,8,571,8.65,3.51,0.07,
P24-185-M9-S,McKee,185,2024,12:13,0,22.8,82.1,7.07,128.7,7.95,24.71,0.81,
P24-185-O9-S,OrchidNorth,185,2024,8:48,0,20.9,77.5,6.91,97.3,7.67,10.27,0.28,
P24-185-S9-C,Strickers,185,2024,10:49,0,23.4,130,11.07,57.1,9.73,33.09,4.67,
P24-185-S9-C,Strickers,185,2024,10:49,0.25,22.8,127.9,11.01,95.1,9.71,37.74,5.22,
P24-185-S9-C,Strickers,185,2024,10:49,0.5,21.7,120.8,10.62,93.4,9.61,47.51,6.87,
P24-185-S9-C,Strickers,185,2024,10:49,0.75,21.4,99.3,8.8,90.4,9.28,45.51,7.27,
P24-185-S9-C,Strickers,185,2024,10:49,1,21.3,89,7.9,90.2,9.02,57.22,7.5,
P24-185-S9-C,Strickers,185,2024,10:49,1.25,21.2,80.4,7.13,87.9,8.49,76.8,10.35,
P24-185-T0-C,Tiedemans,185,2024,10:20,0,23.3,146.2,12.49,114.3,9.8,113.88,11.89,
P24-185-T0-C,Tiedemans,185,2024,10:20,0.25,23,146.9,12.6,114.8,9.82,139.67,14.02,
P24-185-T0-C,Tiedemans,185,2024,10:20,0.5,22.6,135.5,11.67,111.9,9.66,157.43,14.06,
P24-185-T0-C,Tiedemans,185,2024,10:20,0.75,22.4,130.7,11.33,111.4,9.62,177.11,13.64,
P24-185-T0-C,Tiedemans,185,2024,10:20,1,22.3,124.4,10.82,110.5,9.59,171.14,13.71,
P24-185-W9-S,LakeviewWest,185,2024,9:34,0.25,21.6,106.4,9.35,64.5,8.51,93.34,6.64,
P24-185-W9-S,LakeviewWest,185,2024,9:34,0.5,21,84.5,7.55,60,7.8,90.52,6.59,
P24-185-W9-S,LakeviewWest,185,2024,9:34,0.75,20.8,68.3,6.11,61.4,7.45,102.08,6.58,
P24-185-W9-S,LakeviewWest,185,2024,9:34,1,20.7,58.6,5.22,59.8,7.22,118.51,6.24,
P24-185-W9-S,LakeviewWest,185,2024,9:34,1.25,20.7,54.3,4.88,58,7.02,92.82,5.4,
P24-185-W9-S,LakeviewWest,185,2024,9:34,1.5,20.7,49.2,4.42,57.8,6.9,134.91,5.67,
P24-185-W9-S,LakeviewWest,185,2024,9:34,1.75,20.6,36,3.3,58.5,6.77,155.56,6.11,
P24-185-W9-S,LakeviewWest ,185,2024,9:34,0,22.9,112.7,9.7,68.6,8.91,46.63,5.02,
P24-191-F0-S,Forebay,191,2024,12:01,0,28.4,142,11.03,217,7.34,45.06,1.85,
P24-191-S0-C,Strickers,191,2024,10:23,0,27.2,152.3,19.99,129.4,10.25,57.25,8.9,
P24-191-S0-C,Strickers,191,2024,10:23,0.25,27,253,20.19,130.3,10.21,58.44,8.42,
P24-191-S0-C,Strickers,191,2024,10:23,0.5,26.6,232.6,18.67,123.1,10.03,73.26,8.61,
P24-191-S0-C,Strickers,191,2024,10:23,0.75,25.9,102.9,8.38,108.1,8.64,126.4,8.95,
P24-191-S0-C,Strickers,191,2024,10:23,1,25.7,0.7,0.06,112.9,7.42,110.67,17.29,
P24-191-T0-C,Tiedemans,191,2024,9:01,0,26.2,127.1,10.28,116.6,9.53,108.6,13.61,
P24-191-T0-C,Tiedemans,191,2024,9:01,0.25,25.6,89.3,7.3,112.2,8.94,152.73,18.77,
P24-191-T0-C,Tiedemans,191,2024,9:01,0.5,25.3,55.1,4.93,111.7,8.16,203.73,18.65,
P24-191-T0-C,Tiedemans,191,2024,9:01,0.75,25,30.8,2.54,114,7.4,220.61,20.12,
P24-191-W0-C,LakeviewWest,191,2024,13:10,0,29.9,187.1,14.25,116.4,9.71,43.43,2.79,
P24-191-W0-C,LakeviewWest,191,2024,13:10,0.25,28.2,208.4,16.26,121.9,9.94,61.23,4.13,
P24-191-W0-C,LakeviewWest,191,2024,13:10,0.5,26.4,178.6,14.38,118,9.71,79.44,5.3,
P24-191-W0-C,LakeviewWest,191,2024,13:10,0.75,25.8,102.2,8.31,107.8,8.46,123.48,6.95,
P24-191-W0-C,LakeviewWest,191,2024,13:10,1,24.9,6.7,0.56,111.5,7.46,303.95,14.87,
P24-199-F0-S,Forebay,199,2024,9:29,0,24.8,59.2,4.9,176,7.62,121.73,3.51,
P24-199-S0-C,Strickers,199,2024,10:00,0,26.5,143.7,11.55,92.5,9.76,69.11,6.93,
P24-199-S0-C,Strickers,199,2024,10:00,0.25,26.6,145.4,11.68,92.8,9.77,67.58,7.2,
P24-199-S0-C,Strickers,199,2024,10:00,0.5,26.6,145.6,11.69,92.9,9.77,73.36,7.44,
P24-199-S0-C,Strickers,199,2024,10:00,0.75,26.5,138.8,11.24,91.5,9.7,75.86,7.71,
P24-199-S0-C,Strickers,199,2024,10:00,1,26.2,109.4,8.85,87.4,9.26,108.37,8.55,
P24-199-T0-C,Tiedemans,199,2024,8:52,0,25.1,137.1,11.33,111.9,9.89,145.12,17.27,
P24-199-T0-C,Tiedemans,199,2024,8:52,0.25,24.9,136.8,11.34,111.8,9.88,178.1,17.02,
P24-199-T0-C,Tiedemans,199,2024,8:52,0.5,24.9,135.3,11.21,111.6,9.85,165.42,16.61,
P24-199-T0-C,Tiedemans,199,2024,8:52,0.75,24.9,136.7,11.34,111.9,9.83,152.79,16.75,
P24-199-W0-C,LakeviewWest,199,2024,10:58,0,28.7,158.5,12.28,115.8,9.96,83.87,10.85,
P24-199-W0-C,LakeviewWest,199,2024,10:58,0.25,27.1,124.9,9.92,106.8,9.56,134.57,14.95,
P24-199-W0-C,LakeviewWest,199,2024,10:58,0.5,26.3,47.4,3.84,101.3,7.41,141.77,13.15,
P24-199-W0-C,LakeviewWest,199,2024,10:58,0.75,26.1,33.1,2.75,101.3,7.17,173.31,15.68,
P24-199-W0-C,LakeviewWest,199,2024,10:58,1,25.8,12.7,1.07,102.7,7,188.85,15.63,
P24-199-W0-C,LakeviewWest,199,2024,10:58,1.25,25.6,33.2,2.85,101.2,7.4,192.56,16.41,
P24-199-W0-C,LakeviewWest,199,2024,10:58,1.5,25.5,7.3,0.35,106.4,6.79,291.14,18.25,
P24-199-W0-C,LakeviewWest,199,2024,10:58,1.75,25.4,-1.8,-0.15,110.9,6.63,372.15,21.12,may have hit sediment
P24-207-F0-S,Forebay,207,2024,9:48,0,22.4,104.6,9.08,106.7,7.78,52.71,1.41,taken in algal mat
P24-207-S0-C,Strickers,207,2024,10:26,0,25.8,203.5,16.56,105.5,10.19,75.74,6.63,
P24-207-S0-C,Strickers,207,2024,10:26,0.25,24.2,167.3,14.03,93.5,9.96,186.74,12.45,
P24-207-S0-C,Strickers,207,2024,10:26,0.5,23.6,145.3,12.28,85.3,9.56,257.93,13.45,
P24-207-S0-C,Strickers,207,2024,10:26,0.75,23.3,112.9,9.81,83.9,9.36,223.87,11.84,
P24-207-T0-C,Tiedemans,207,2024,8:44,0,24.1,184.3,15.49,119.3,10.15,69.98,12.09,
P24-207-T0-C,Tiedemans,207,2024,8:44,0.25,22.9,107.5,9.34,106.6,9.33,167.19,12.45,
P24-207-T0-C,Tiedemans,207,2024,8:44,0.5,22.6,70.5,6.05,104.7,8.61,176.62,12.85,
P24-207-T0-C,Tiedemans,207,2024,8:44,0.75,22.5,49.3,4.26,106.2,7.83,183.97,11.84,
P24-207-T0-C,Tiedemans,207,2024,8:44,1,22.4,40.6,3.52,107.8,7.4,162.55,11.42,
P24-207-W0-C,LakeviewWest,207,2024,11:48,0,28.3,206.9,16.45,74.5,9.75,81.16,4.25,
P24-207-W0-C,LakeviewWest,207,2024,11:48,0.25,25.3,242.5,19.75,88.8,10.09,177.41,7.31,
P24-207-W0-C,LakeviewWest,207,2024,11:48,0.5,23.5,146.5,12.65,67.7,9.05,195.83,8.11,
P24-207-W0-C,LakeviewWest,207,2024,11:48,0.75,23,82.1,7.01,68.1,7.55,252.17,8.55,
P24-207-W0-C,LakeviewWest,207,2024,11:48,1,22.8,45.2,3.87,71.5,9.62,306.12,13.15,
P24-212-09-S,OrchidNorth,212,2024,8:59,0,25,130.2,10.76,222.9,8.85,47.99,0.74,
P24-212-E9-S,Elver,212,2024,12:51,0,29.1,139.5,10.81,94.3,8.05,680.45,36.82,
P24-212-F0-S,Forebay,212,2024,12:10,0,25.3,122.1,10.02,385.6,7.51,34.83,0.61,
P24-212-L9-S,Lakeview,212,2024,9:26,0,25.2,148.1,12.18,483,9.24,5.75,-0.12,
P24-212-M9-S,McKee,212,2024,13:16,0,30.4,142.6,10.69,160.8,8.75,31.65,1.51,
P24-212-S0-S,Strickers,212,2024,11:31,0,28.6,242.9,18.98,128.3,10.39,154.38,10.78,
P24-212-S0-S,Strickers,212,2024,11:31,0.25,26.6,240.7,19.35,125.1,10.35,281.64,15.4,
P24-212-S0-S,Strickers,212,2024,11:31,0.5,25.8,168,13.74,94.3,10.08,339.61,17.06,
P24-212-S0-S,Strickers,212,2024,11:31,0.75,25.2,81.9,6.76,82.8,8.91,484.13,18.07,
P24-212-T0-S,Tiedemans,212,2024,10:56,0,27.9,172.6,13.52,125.1,9.78,105.21,9.42,
P24-212-T0-S,Tiedemans,212,2024,10:56,0.25,25.5,129.3,10.61,114.1,9.45,223.63,15.34,
P24-212-T0-S,Tiedemans,212,2024,10:56,0.5,24.8,54.2,4.5,112.2,8.12,315.09,16.92,
P24-212-T0-S,Tiedemans,212,2024,10:56,0.75,24.6,13.1,1.08,113.3,7.56,476.27,21.81,
P24-212-W0-S,LakeviewWest,212,2024,9:45,0,26.3,89.1,7.16,101.1,8.78,111.32,5.86,
P24-212-W0-S,LakeviewWest,212,2024,9:45,0.25,25.8,78.9,6.37,100.9,8.38,136.57,7.45,
P24-212-W0-S,LakeviewWest,212,2024,9:45,0.5,25.3,37,3.06,101.3,7.45,151.77,7.53,
P24-212-W0-S,LakeviewWest,212,2024,9:45,0.75,25.1,2.6,0.2,102.1,7.05,205.46,8.75,
P24-212-W0-S,LakeviewWest,212,2024,9:45,1,24.9,-1.8,-0.16,103,6.81,231.84,9.53,
P24-218-E9-S,Elver,218,2024,11:49,0,26.4,44.1,3.54,101.1,7.45,42.57,2.39,
P24-218-F0-S,Forebay,218,2024,11:20,0,26.9,102.7,8.18,627,7.18,192.08,7.35,
P24-218-L9-S,Lakeview,218,2024,10:37,0,26.5,89.6,7.15,547,9.02,7.3,0.84,
P24-218-M9-S,McKee,218,2024,10:09,0,27.2,145.9,11.62,167.7,8.85,83.49,10.17,
P24-218-O9-S,OrchidNorth,218,2024,10:18,0,26.8,100.7,8.05,291.1,8.84,17.35,0.69,
P24-218-S9-S,Strickers,218,2024,11:28,0,26.7,33.5,2.77,111.5,7.72,197.56,9.55,
P24-218-T0-S,Tiedemans,218,2024,11:03,0,27.3,107.8,8.65,121.5,9.16,252.82,29.74,
P24-218-W9-S,LakeviewWest,218,2024,10:46,0,27.6,118.3,9.34,116.8,8.14,150.83,9.53,
P24-219-E9-S,Elver,219,2024,11:28,0,20.8,74.2,6.35,87.5,8.04,64.25,9.65,
P24-219-F0-S,Forebay,219,2024,11:02,0,19.1,66.7,6.12,336.2,7.63,23.35,0.02,questionable - YSI touching bottom
P24-219-L9-S,Lakeview,219,2024,10:03,0,23.5,56.1,4.72,523,8.4,11.65,1.03,
P24-219-M9-S,McKee,219,2024,11:50,0,23.4,84.7,7.15,153.5,8.04,47.09,4.84,
P24-219-O9-S,OrchidNorth,219,2024,9:46,0,23,73.4,6.14,265.4,7.83,66.1,0.87,
P24-219-S9-S,Strickers,219,2024,10:50,0,21.5,94,8.3,84.2,9.13,183.52,13.75,
P24-219-T0-S,Tiedemans,219,2024,10:33,0,21,58.4,5.13,82.3,7.77,217.68,9.62,
P24-219-W9-S,LakeviewWest,219,2024,10:16,0,22.4,89.2,7.73,68.5,7.82,223.96,9.56,
P24-220-F0-S,Forebay,220,2024,11:45,0,21.5,63.4,5.58,5.75,7.65,9.16,0.02,
P24-220-S0-C,Strickers,220,2024,10:38,0,22.7,167.9,14.7,109.5,10.32,93.65,11.56,
P24-220-S0-C,Strickers,220,2024,10:38,0.25,22.6,184.7,16.03,113.8,10.33,147,13.14,
P24-220-S0-C,Strickers,220,2024,10:38,0.5,21.6,161.1,100.3,98.3,9.98,244.59,15.59,
P24-220-S0-C,Strickers,220,2024,10:38,0.75,21,102.3,9.03,99.9,9.15,302.95,16.49,
P24-220-S0-C,Strickers,220,2024,10:38,1,21.2,77.2,7.41,97.8,8.93,786.61,75.96,
P24-220-T0-C,Tiedemans,220,2024,9:00,0,20.8,77.1,6.74,97.9,7.84,186.32,11.75,
P24-220-T0-C,Tiedemans,220,2024,9:00,0.25,20.4,58.3,5.13,96.6,7.63,215,11.97,
P24-220-T0-C,Tiedemans,220,2024,9:00,0.5,20.2,45.6,4.1,96.1,7.41,247.11,12.37,
P24-220-T0-C,Tiedemans,220,2024,9:00,0.75,20.2,41.6,3.73,96.1,7.31,284.21,12.6,
P24-220-T0-C,Tiedemans,220,2024,9:00,1,20.2,37.6,3.39,108.9,6.9,365.92,18.91,
P24-220-W0-C,LakeviewWest,220,2024,12:40,0,26.6,247.5,20.32,97.3,10.32,186.5,7.54,
P24-220-W0-C,LakeviewWest,220,2024,12:40,0.25,23.7,245.2,20.67,90.8,10.06,242.21,10.42,
P24-220-W0-C,LakeviewWest,220,2024,12:40,0.5,22.3,157.1,13.24,74.8,8.97,269.25,10.89,
P24-220-W0-C,LakeviewWest,220,2024,12:40,0.75,21.8,72.2,6.27,76.9,7.85,277.29,14.67,
P24-220-W0-C,LakeviewWest,220,2024,12:40,1,21.7,61.3,5.42,147.7,7.25,682.24,32.69,
P24-220-W0-C,LakeviewWest,220,2024,12:40,1.25,21.7,49.3,4.39,162.9,7.02,499.79,21.68,
P24-226-F0-S,Forebay,226,2024,9:40,0,23.4,105.4,9,695,7.8,46.02,1.13,
P24-226-S0-C,Strickers,226,2024,10:12,0,25.4,200.6,16.4,130.9,10.4,113.12,8.94,
P24-226-S0-C,Strickers,226,2024,10:12,0.25,24.2,204.1,17.17,136.3,10.42,153.76,9.04,
P24-226-S0-C,Strickers,226,2024,10:12,0.5,23.6,168,14.15,126,10.3,142.53,9.63,
P24-226-S0-C,Strickers,226,2024,10:12,0.75,22.9,108.8,9.35,108.1,9.71,327.54,14.52,
P24-226-T0-C,Tiedemans,226,2024,8:55,0,24,95.7,8.04,115.8,9.58,108.1,9.17,
P24-226-T0-C,Tiedemans,226,2024,8:55,0.25,23.1,85.2,7.28,112.6,9.37,152.9,11.14,
P24-226-T0-C,Tiedemans,226,2024,8:55,0.5,22.9,62.3,5.37,111.2,8.89,174.96,11.67,
P24-226-T0-C,Tiedemans,226,2024,8:55,0.75,22.8,41.4,3.55,112.1,8.23,182.35,11.01,
P24-226-W0-C,LakeviewWest,226,2024,11:03,0,26.1,218.3,17.64,102.1,9.86,17.02,0.96,
P24-226-W0-C,LakeviewWest,226,2024,11:03,0.25,24.9,232.1,19.25,103.8,9.96,51.65,2.24,
P24-226-W0-C,LakeviewWest,226,2024,11:03,0.5,24,232.9,19.7,104.6,9.95,64.82,2.92,
P24-226-W0-C,LakeviewWest,226,2024,11:03,0.75,23.2,211.1,18.01,99.9,9.7,84.96,3.85,
P24-226-W0-C,LakeviewWest,226,2024,11:03,1,22.9,156.2,13.34,96.8,8.25,311.84,12.42,
P24-227-E9-S,Elver,227,2024,15:51,0,29.1,82.9,6.36,104.8,8.34,32.62,5.5,
P24-227-L9-S,Lakeview,227,2024,15:24,0,28.2,229.1,17.88,31.8,9.49,6.43,0.49,
P24-227-M9-S,McKee,227,2024,16:08,0,29.3,73.6,13.28,162.3,9.52,73.36,4.5,
P24-227-O9-S,OrchidNorth,227,2024,15:07,0,28.1,158.5,12.39,310.1,9.08,22.48,4.33,
P24-234-S0-C,Strickers,234,2024,10:20,0,23.3,149.4,12.89,139.8,10.49,91.81,11.08,
P24-234-S0-C,Strickers,234,2024,10:20,0.25,22.5,148.4,12.8,137.3,10.43,126.04,12.52,
P24-234-S0-C,Strickers,234,2024,10:20,0.5,22.2,139.6,12.04,119.8,10.23,184.81,13.31,
P24-234-S0-C,Strickers,234,2024,10:20,0.75,21.6,97.1,8.48,106.7,9.38,678.28,24.3,
P24-234-T0-C,Tiedemans,234,2024,9:13,0,21.4,62.9,5.46,121.4,9,125.63,8.87,
P24-234-T0-C,Tiedemans,234,2024,9:13,0.25,21.1,43.2,3.8,121.7,8.39,132.64,9.34,
P24-234-T0-C,Tiedemans,234,2024,9:13,0.5,21,33.4,2.93,122.2,8.1,128.42,9.82,
P24-234-T0-C,Tiedemans,234,2024,9:13,0.75,20.9,25.3,2.25,122.1,7.84,211.25,10.52,
P24-234-T0-C,Tiedemans,234,2024,9:13,1,20.9,23.3,2.06,126,1.51,326.29,14.24,"pesticide application at forebay, no sample or data clollected"
P24-234-W0-C,LakeviewWest,234,2024,11:25,0,25.3,149.8,12.39,94.3,9.71,48.7,2.99,
P24-234-W0-C,LakeviewWest,234,2024,11:25,0.25,24.4,159.3,13.51,94.6,9.76,80.31,4.02,
P24-234-W0-C,LakeviewWest,234,2024,11:25,0.5,23.6,155.5,13.19,93,9.62,107.94,5.32,
P24-234-W0-C,LakeviewWest,234,2024,11:25,0.75,23,127.9,10.91,90.3,8.9,137.79,6.34,
P24-234-W0-C,LakeviewWest,234,2024,11:25,1,22.9,107.3,9.08,90.6,8.42,252.53,10.49,
P24-234-W0-C,LakeviewWest,234,2024,11:25,1.25,22.9,96.4,8.22,91.6,8.07,465.64,20.82,
P24-240-F0-S,Forebay,240,2024,9:55,0,29,25.2,9.63,552,7.94,66.85,1.19,
P24-240-S0-C,Strickers,240,2024,10:45,0,29.6,174.9,13.33,130,10.15,178.45,11.8,
P24-240-S0-C,Strickers,240,2024,10:45,0.25,29.6,177.2,13.5,129.9,10.12,178.56,11.56,
P24-240-S0-C,Strickers,240,2024,10:45,0.5,29.5,174.4,13.29,129,10.12,87.54,11.63,
P24-240-S0-C,Strickers,240,2024,10:45,0.75,29.3,152.9,11.63,117.2,907,613.32,38.98,
P24-240-T0-C,Tiedemans,240,2024,9:05,0,29.7,57.4,4.35,137.6,8.47,107.65,12.09,
P24-240-T0-C,Tiedemans,240,2024,9:05,0.25,26.5,61.5,4.68,136.1,8.89,118.81,13.02,
P24-240-T0-C,Tiedemans,240,2024,9:05,0.5,29.3,32.6,2.48,136.1,8.18,145.07,13.22,
P24-240-T0-C,Tiedemans,240,2024,9:05,0.75,29,6.3,0.48,138.9,7.55,184.12,13.95,
P24-240-W0-C,LakeviewWest,240,2024,11:40,0,29.1,181.5,13.96,105.2,9.69,16.18,2.42,
P24-240-W0-C,LakeviewWest,240,2024,11:40,0.25,28.8,188.2,14.54,105.7,9.71,17.03,2.56,
P24-240-W0-C,LakeviewWest,240,2024,11:40,0.5,28.4,169.5,13.19,104.4,9.51,30.62,2.69,
P24-240-W0-C,LakeviewWest,240,2024,11:40,0.75,26.2,167.8,13.42,107.5,7.93,194.19,7.93,
P24-240-W0-C,LakeviewWest,240,2024,11:40,1,25.6,86.1,7.02,109.5,7.12,543.96,23.54,
P24-257-F0-S,Forebay,257,2024,9:58,0,21.2,40.2,3.56,255.7,7.6,78.69,1.42,
P24-257-S0-C,Strickers,257,2024,10:28,0,22.6,192.8,16.64,134.2,10.44,155.8,16.86,
P24-257-S0-C,Strickers,257,2024,10:28,0.25,22.4,177.9,15.43,132.8,10.36,189.2,19.14,
P24-257-S0-C,Strickers,257,2024,10:28,0.5,21.8,108.4,9.55,115.1,9.81,318.03,21.12,
P24-257-S0-C,Strickers,257,2024,10:28,0.75,21.4,101.1,8.93,112.7,9.41,791.56,50.12,
P24-257-T0-C,Tiedemans,257,2024,9:07,0,21.3,42.4,3.76,150.5,8.06,172.28,8.72,
P24-257-T0-C,Tiedemans,257,2024,9:07,0.25,21.1,32.8,2.91,151.9,7.64,215.31,9.14,
P24-257-T0-C,Tiedemans,257,2024,9:07,0.5,21.1,25.5,2.25,151.7,7.48,246.43,9.62,
P24-257-T0-C,Tiedemans,257,2024,9:07,0.75,21.1,21,1.86,151.7,7.38,262.07,9.76,
P24-257-W0-C,LakeviewWest,257,2024,11:45,0,23.3,204.6,17.01,11.3,10.04,19.82,3.06,
P24-257-W0-C,LakeviewWest,257,2024,11:45,0.25,22.9,214.8,18.42,113.2,10.1,38.91,4.58,
P24-257-W0-C,LakeviewWest,257,2024,11:45,0.5,22,204.4,18.01,113.3,10.03,82,6.65,
P24-257-W0-C,LakeviewWest,257,2024,11:45,0.75,21.3,170.2,15.07,106.4,9.43,125.17,9.36,
P24-257-W0-C,LakeviewWest,257,2024,11:45,1,21,108.1,9.63,106.4,8.46,547.88,22.05,
P24-267-S0-S,Strickers,267,2024,NA,0,20.2,98.8,8.95,146.3,9.14,79.41,4.1,
P24-267-S0-S,Strickers,267,2024,NA,0.25,19.9,103.2,9.34,146.4,9.19,68.14,3.51,
P24-267-S0-S,Strickers,267,2024,NA,0.5,19.7,103.3,9.46,157.4,9.26,78.41,4.32,
P24-267-S0-S,Strickers,267,2024,NA,0.75,19.2,97.4,8.93,148.6,8.98,89.99,5.18,
P24-267-S0-S,Strickers,267,2024,NA,1,19.1,89.1,7.81,148.5,8.63,156.94,6.81,
P24-271-F0-S,Forebay,271,2024,11:48,0,18.1,14.5,1.97,926,7.34,30.71,0.59,
P24-271-S0-C,Strickers,271,2024,10:07,0,19.9,160.4,14.69,199.3,9.86,120.57,4.54,methano bottles with surface water
P24-271-S0-C,Strickers,271,2024,10:07,0.25,19.8,165.2,15.07,200,9.84,131.27,4.61,
P24-271-S0-C,Strickers,271,2024,10:07,0.5,19.7,161.7,14.72,199.6,9.76,119.35,4.06,
P24-271-S0-C,Strickers,271,2024,10:07,0.75,19.4,151.9,13.9,198.4,9.59,134.84,4.14,
P24-271-S0-C,Strickers,271,2024,10:07,1,19.3,140.7,12.84,199.1,8.1,388.89,15.49,
P24-271-T0-C,Tiedemans,271,2024,9:11,0,18.8,105.5,9.84,219.5,9.07,352.77,10.35,
P24-271-T0-C,Tiedemans,271,2024,9:11,0.25,18.6,100.9,9.44,213.1,8.96,415.06,11.85,
P24-271-T0-C,Tiedemans,271,2024,9:11,0.5,18.6,98.6,9.21,212.7,8.85,399.29,11.88,
P24-271-T0-C,Tiedemans,271,2024,9:11,0.75,18.5,67.7,9.15,212.6,8.83,414.14,15.26,
P24-271-T0-C,Tiedemans,271,2024,9:11,1,18.5,97.5,9.09,213.2,8.74,525.09,18.2,
P24-271-W0-C,LakeviewWest,271,2024,12:40,0,21.5,131.3,11.64,228.4,9.59,78.93,4.12,
P24-271-W0-C,LakeviewWest,271,2024,12:40,0.25,20.6,131.4,11.92,229,9.66,158.17,7.61,
P24-271-W0-C,LakeviewWest,271,2024,12:40,0.5,19.1,113.1,10.37,226,9.26,203.14,7.9,
P24-271-W0-C,LakeviewWest,271,2024,12:40,0.75,18.8,80.5,7.69,224.2,8.57,217.22,8.57,
P24-271-W0-C,LakeviewWest,271,2024,12:40,1,18.6,63.5,5.87,225.7,8.11,474.52,18.21,
P24-271-W0-C,LakeviewWest,271,2024,12:40,1.25,18.6,50.3,4.68,226.5,7.86,578.29,30,
P24-278-S0-S,Strickers,278,2024,9:20,0,16.8,160.8,15.6,233,10.57,196.85,8.17,
P24-278-S0-S,Strickers,278,2024,9:20,0.25,16.9,163.7,15.85,233.4,10.59,200.29,8.02,
P24-278-S0-S,Strickers,278,2024,9:20,0.5,16.9,165.1,15.97,233.5,10.6,204.07,7.99,
P24-278-S0-S,Strickers,278,2024,9:20,0.75,16.9,165.7,16.02,233.1,10.6,214.98,8.6,
P24-292-F0-S,Forebay,292,2024,9:41,0,8.4,1.9,0.21,739,6.94,60.83,1.2,
P24-292-S0-C,Strickers,292,2024,10:15,0,10,108.4,12.44,205.1,10.2,61.57,7.09,
P24-292-S0-C,Strickers,292,2024,10:15,0.25,9.9,116.7,13.25,211.2,10.21,87.98,8.35,
P24-292-S0-C,Strickers,292,2024,10:15,0.5,9.9,119.2,13.51,211.3,10.19,152.34,10.23,
P24-292-S0-C,Strickers,292,2024,10:15,0.75,9.9,115.7,13.02,207.3,9.98,257.63,16.15,
P24-292-T0-C,Tiedemans,292,2024,9:07,0,8.8,70.4,7.94,252.6,8.29,214.2,8.38,
P24-292-T0-C,Tiedemans,292,2024,9:07,0.25,8.8,62.3,7.19,252.4,8.07,248.3,9.65,
P24-292-T0-C,Tiedemans,292,2024,9:07,0.5,8.4,59.5,7.91,251.1,7.89,292.69,11.29,
P24-292-T0-C,Tiedemans,292,2024,9:07,0.75,8.3,59,6.92,249.8,7.76,350.03,14.08,
P24-292-W0-C,LakeviewWest,292,2024,11:11,0,12.5,107.6,11.55,263.8,8.51,64.29,2.6,
P24-292-W0-C,LakeviewWest,292,2024,11:11,0.25,12,109.9,11.89,261.1,8.35,70.05,277,
P24-292-W0-C,LakeviewWest,292,2024,11:11,0.5,11.2,109.7,12.05,260.6,8.22,151.27,4.39,
P24-292-W0-C,LakeviewWest,292,2024,11:11,0.75,10.9,107.2,11.78,260.5,8.08,173.24,4.71,
P24-292-W0-C,LakeviewWest,292,2024,11:11,1,10.9,105.4,11.6,260.4,8.03,259.53,6.85,
P24-292-W0-C,LakeviewWest,292,2024,11:11,1.25,10.9,102.4,11.26,263.3,7.93,855.54,44.32,
P24-306-F0-S,Forebay,306,2024,9:30,0,10.7,0,0,254.6,7.81,30.51,0.74,
P24-306-S0-C,Strickers,306,2024,10:06,0,12.1,85.8,9.1,152.4,8.03,89.02,7.99,
P24-306-S0-C,Strickers,306,2024,10:06,0.25,12.1,78.2,8.39,152.5,8.2,157.64,9.42,
P24-306-S0-C,Strickers,306,2024,10:06,0.5,12.1,76.9,8.26,152.5,8.27,155.65,9.46,
P24-306-S0-C,Strickers,306,2024,10:06,0.75,12.1,75.9,8.16,152.6,8.31,188.89,9.97,
P24-306-S0-C,Strickers,306,2024,10:06,1,12.1,75.3,8.1,153,8.31,178.88,10.12,
P24-306-T0-C,Tiedemans,306,2024,9:00,0,7.6,76.8,8.96,174.1,9.51,250.5,10.12,rained 2-3 inches two nights before
P24-306-T0-C,Tiedemans,306,2024,9:00,0.25,7.5,71,8.49,172,9.29,344.28,14.14,
P24-306-T0-C,Tiedemans,306,2024,9:00,0.5,7.3,69,8.3,173.2,9.11,393.23,13.22,
P24-306-T0-C,Tiedemans,306,2024,9:00,0.75,7.3,67.8,8.15,173.8,8.82,348.39,13.21,
P24-306-W0-C,LakeviewWest,306,2024,10:50,0,14.4,49.9,5.09,104.1,7.79,95.82,2.19,
P24-306-W0-C,LakeviewWest,306,2024,10:50,0.25,14.3,48.2,4.91,104.2,7.65,86.05,2.29,
P24-306-W0-C,LakeviewWest,306,2024,10:50,0.5,14.3,46.1,4.71,104.1,7.57,104.99,2.74,
P24-306-W0-C,LakeviewWest,306,2024,10:50,0.75,14.2,41.3,4.22,104.2,7.51,115.03,2.91,
P24-306-W0-C,LakeviewWest,306,2024,10:50,1,14,37.8,3.89,105.1,7.44,128.06,3.05,
P24-306-W0-C,LakeviewWest,306,2024,10:50,1.25,14,37.4,3.85,105.2,7.39,337.12,14.01,
