sampledate,name,pond,latitude,longitude,age,area_ha,perimeter_m,depth_m,secchi_m,cl_mgL,so4_mgL,tss_gL,om_perc,chla_ugL,dic_mgL,doc_mgL,tic_mgL,toc_mgL,avsnow_cm,totice_cm,blackice_cm,whiteice_cm,nh4_ugL,no3no2_ugL,srp_ugL,openwater_perc,emergent_perc,floating_perc,submergent_perc,algae_perc,emergent_type,floating_type,submergent_type,algae_type
2021-06-02,Dobson A7 Pond,DOBA7,43.0599518,-89.4994612,1995,0.83,378,2.1,0.35,120.37,6.69,0.005,61.11,12.9,9.595,6.019,11.41,6.349,NA,NA,NA,NA,14.553,2.565,5.148,97,0,0,2,0,NA,NA,curly pondweed,NA
2021-06-02,Owen Park Pond East,OPP-E,43.06869,-89.48714,2010,0.14,157,2,0.29,7.44,4.38,0.045,25.98,21,16.68,7.322,18.62,7.505,NA,NA,NA,NA,17.015,3.201,9.205,96,0,1,15,0,NA,lily pads,coontail,NA
2021-06-02,Owen Park Pond West,OPP-W,43.06867,-89.48837,2010,0.18,224,2.76,0.15,58.29,14.68,0.02,66.13,71.3,14.32,8.884,16.36,8.946,NA,NA,NA,NA,27.947,3.854,15.886,no survey,no survey,no survey,no survey,no survey,no survey,no survey,no survey,no survey
2021-06-03,Lower Mannitou,LM-ARB,43.0471358,-89.435414,1995,0.29,235,1.1,0.325,176.26,6.19,0.019,60.87,91.1,27.04,7.239,31.65,7.366,NA,NA,NA,NA,31.976,11.284,14.882,95,1,0,0,0,"pickerelweed, common water hyacinth",duckweed,NA,NA
2021-06-03,Upper Manitou,UM-ARB,43.04762,-89.43781,2014,0.56,301,1.2,0.275,172.14,6.83,0.032,62.31,127,28.95,7.119,30.96,7.674,NA,NA,NA,NA,16.911,-0.048,10.473,90,5,0,0,0,"pickerelweed, common water hyacinth",NA,NA,NA
2021-06-07,Commercial Ave. Pond,CAP,43.10708,-89.29788,1995,0.39,293,1.76,0.575,53.69,3.07,0.005,79.25,14.9,19.72,6.062,20.83,5.893,NA,NA,NA,NA,49.023,-2.409,21.142,86,7,7,5,7,broadleaf cattail,"duckweed, common watermeal",horned pond weed,unknown (likely green filamentous)
2021-06-07,Dobson A4 Pond,DOBA4,43.0926581,-89.2662771,2000,0.41,409,1.75,0.125,53.71,2.53,0.02,68.29,44.3,9.844,6.333,10.96,6.72,NA,NA,NA,NA,56.321,-0.208,5.761,63,15,22,0,0,"simplestem burr reed, iris, broadleaf arrow head, junus",long leaf pond weed,NA,NA
2021-06-07,Dobson A5 Pond,DOBA5,43.0749804,-89.2797221,1995,0.37,270,2.15,0.625,74.04,3.46,0.009,71.43,28.2,12.99,7.138,13.98,7.269,NA,NA,NA,NA,1095.522,17.967,22.66,100,0,0,0,100,NA,NA,NA,unknown (likely filamentous)
2021-06-08,Alliant Center Pond,ALC,43.04651,-89.37526,1974,0.24,205,0.85,0.75,361.46,1.99,0.007,56.14,13.4,20.9,9.028,21.22,9.102,NA,NA,NA,NA,12.418,-0.846,16.631,95,5,0,0,10,"broadleaf arrow head, cattails","duckweed, common watermeal","coontail, western waterweed, horned pond weed",unknown (likely filamentous)
2021-06-08,Elver Pond,ELV,43.03801,-89.50465,1987,0.82,458,3.25,0.675,127.73,5.27,0.007,68.57,20.1,12.01,6.537,12.46,6.654,NA,NA,NA,NA,8.079,-2.936,4.073,95,2,3,0,0,"braodleaf arrow head, lakeshore bullrush",pondweed,NA,NA
2021-06-09,Door Creek Stormwater 1,DCSW1,43.0954817,-89.2514839,2005,0.34,254,2.2,1.75,41.9,4.61,0.002,80,2.3,17.61,8.884,17.83,8.422,NA,NA,NA,NA,27.663,69.436,48.224,77,15,7,100,1,"broadleaf arrow head, cattails, juncus/bullrush",duckweed,curly leaf pondweed,unknown (likely filamentous)
2021-06-09,Door Creek Stormwater 2,DCSW2,43.0966168,-89.2513815,2005,0.4,248,1.8,1.4,75.75,14.35,0.003,68.97,10.9,20.45,8.113,17.89,7.776,NA,NA,NA,NA,18.939,23.261,7.927,30,1,70,90,75,juncus,duckweed,"coontail, cury leaf pondweed, eurasian watermilfoil",NA
2021-06-09,Door Creek Stormwater 3,DCSW3,43.0984653,-89.2512908,2005,1.01,479,2.26,1.56,81.88,13.59,0.001,84.62,2,24.72,6.427,24.99,6.2,NA,NA,NA,NA,10.345,1.684,55.506,20,0,0,80,0,"broad leaf cattail, juncus",duckweed,"eurasian milfoil, curly leaf pond weed, horned pond weed",NA
2021-06-10,Dobson A8 Pond,DOBA8,43.03821381,-89.52240961,2000,0.43,259,2.3,1.175,49.86,2.74,0.004,60,7.6,11.45,6.478,11.9,6.399,NA,NA,NA,NA,52.727,1.83,6.775,99,0,1,0,3,NA,pondweed,NA,bluegreen mats
2021-06-10,Hospital Pond,HP-UW,43.07849119,-89.42924194,1995,0.38,301,2.15,0.35,272.9,36.59,0.018,47.78,29,65.43,2.487,66.94,2.445,NA,NA,NA,NA,118.23,1169.571,-0.017,92,7,0,40,0,broadleaf cattail,duckweed,"coontail, pondweed, curl leaf pondweed",NA
2021-06-10,Midtown Pond,MDT,43.03737383,-89.5272514,2005,0.44,367,1.75,1.4,63.5,2.86,0.002,88,9.2,9.295,7.081,9.552,6.974,NA,NA,NA,NA,8.363,1.091,20.041,99,1,0,2,10,"braodleaf cattail, juncus/bullrush",pondweed,coontail,NA
2021-06-11,Kettle Pond,KP,43.0804,-89.47911,na,0.47,265,1.25,0.35,21.47,1.22,0.018,81.25,48.8,13.68,7.783,21.18,7.677,NA,NA,NA,NA,10.241,1.461,75.456,1,30,0,0,40,broadleaf cattail,"duckweed, common watermeal, white water lily",NA,blue green
2021-06-11,Lot 60 Pond,L60-UW,43.08113,-89.42701,2014,0.34,557,1.25,0.9,295.84,1.91,0.006,56.1,6.3,28.56,9.813,24.84,9.774,NA,NA,NA,NA,109.102,1.11,26.813,5,40,55,90,0,"juncus, cattails, pickerelweed","duckweed, common watermeal","coontail, horned pondweed",NA
2021-06-11,Orchid North,O-N,43.1185821,-89.4787793,2000,0.68,433,1.2,0.275,85.47,18.76,0.033,41.84,69.6,44.29,5.109,45.4,5.354,NA,NA,NA,NA,12.836,1.599,4.101,99,1,1,0,3,juncus/bullrush,duckweed,"pondweed, coontail, horned pondweed",green (filamentous)
2021-06-11,Orchid South,O-S,43.1168532,-89.4778901,2000,0.56,471,1.2,0.55,97.65,13.43,0.016,39.73,17.7,39.13,5.099,39.71,5.124,NA,NA,NA,NA,7.287,1.026,5.219,94,5,2,20,21,"juncus/bullrush, broadleaf catail","pondweed, duckweed","coontail, horned pondweed",NA
2021-06-14,Dobson A7 Pond,DOBA7,43.0599518,-89.4994612,1995,0.83,378,2.1,0.35,142.71,7.49,0.025,62.5,86.5,12.77,8.04,14.08,8.429,NA,NA,NA,NA,NA,NA,NA,100,0,0,5,1,NA,NA,curly pondweed,green
2021-06-14,Owen Park Pond East,OPP-E,43.06869,-89.48714,2010,0.14,157,2,0.35,8.29,3.9,0.017,78.57,75.4,17.96,9.729,19.11,9.449,NA,NA,NA,NA,NA,NA,NA,95,0,5,12,0,NA,white water lily,coontail,NA
2021-06-14,Owen Park Pond West,OPP-W,43.06867,-89.48837,2010,0.18,224,2.76,0.275,65.18,5.29,0.016,85.71,548.6,18.94,12.4,22.34,15.34,NA,NA,NA,NA,NA,NA,NA,70,30,0,1,0,NA,lily pad,coontail,NA
2021-06-15,Alliant Center Pond,ALC,43.04651,-89.37526,1974,0.24,205,0.85,0.525,386.05,1.83,0.013,72.92,25.3,17.63,10.57,19.38,10.78,NA,NA,NA,NA,NA,NA,NA,10,5,85,30,70,braodleaf cattail,"duckweed, common watermeal","horned pondweed, coontail, waterweed","brownish algae, green algae"
2021-06-15,Lower Mannitou,LM-ARB,43.0471358,-89.435414,1995,0.29,235,1.1,0.175,189.04,4.55,0.054,47.06,133,36.98,8.882,40.97,10.25,NA,NA,NA,NA,NA,NA,NA,95,0,1,1,0,NA,duckweed,coontail,NA
2021-06-15,Upper Manitou,UM-ARB,43.04762,-89.43781,2014,0.56,301,1.2,0.135,187.96,5.8,0.061,49.14,173.5,37.89,8.933,40.76,10.06,NA,NA,NA,NA,NA,NA,NA,97,3,0,0,0,"pickerelweed, calamus, braodlead arrowhead",NA,coontail,NA
2021-06-16,Commercial Ave. Pond,CAP,43.10708,-89.29788,1995,0.39,293,1.76,0.325,59.7,2.62,0.011,87.5,36.3,18.69,6.937,19.23,7.027,NA,NA,NA,NA,NA,NA,NA,75,0,25,5,2,NA,"duckweed, common watermeal",horned pondweed,filamentous algae
2021-06-16,Dobson A4 Pond,DOBA4,43.0926581,-89.2662771,2000,0.41,409,1.75,0.35,61.42,2.6,0.021,71.79,55.8,11.55,7.593,10.4,7.261,NA,NA,NA,NA,NA,NA,NA,70,30,0,20,2,"juncus, broadleaf arrowhead, broadleaf cattail",pondweed,NA,filimentous green algae
2021-06-16,Dobson A5 Pond,DOBA5,43.0749804,-89.2797221,1995,0.37,270,2.15,0.335,71.95,3.74,0.005,89.36,7.5,11.22,11.96,11.52,11.91,NA,NA,NA,NA,NA,NA,NA,100,0,0,0,100,NA,NA,NA,"blue green algae mats, green suspended algae"
2021-06-17,Dobson A8 Pond,DOBA8,43.03821381,-89.52240961,2000,0.43,259,2.3,0.94,51.11,2.84,0.004,2.52,17,11.38,6.891,12.14,7.104,NA,NA,NA,NA,NA,NA,NA,97,0,3,0,2,NA,pondweed,NA,blue green algae mats
2021-06-17,Elver Pond,ELV,43.03801,-89.50465,1987,0.82,458,3.25,0.475,130.68,5.27,0.012,68.33,61.7,11.67,6.91,12.66,7.139,NA,NA,NA,NA,NA,NA,NA,80,20,0,3,2,"juncus, broadleaf cattails, broadleaf arrowhead",pondweed,NA,filamentous algae
2021-06-17,Midtown Pond,MDT,43.03737383,-89.5272514,2005,0.44,367,1.75,0.6,70.13,2.51,0.01,83.93,60.5,7.446,8.073,8.263,8.326,NA,NA,NA,NA,NA,NA,NA,100,0,0,15,15,NA,slender pondweed,coontail,"filimentous green, red ""dots"" - red algae"
2021-06-18,Hospital Pond,HP-UW,43.07849119,-89.42924194,1995,0.38,301,2.15,0.45,67.36,9.86,0.016,33.68,11.1,17.12,3.281,16.34,3.093,NA,NA,NA,NA,NA,NA,NA,85,0,15,10,0,NA,"pondweed, duckweed","coontail, horned pondweed, curly leaf pondweed",NA
2021-06-18,Lot 60 Pond,L60-UW,43.08113,-89.42701,2014,0.34,557,1.25,0.8,39.75,5.25,0.005,48.98,1.8,8.976,3.462,10.56,3.804,NA,NA,NA,NA,NA,NA,NA,5,30,75,96,2,"broadleaf cattail, broadleaf arrowhead, pickerel weed","duckweed, common watermeal","coontail, horned pondweed",filimentous green algae
2021-06-21,Door Creek Stormwater 1,DCSW1,43.0954817,-89.2514839,2005,0.34,254,2.2,1.6,24.08,3.22,0.002,64.71,2.4,14.67,7.348,14.52,7.127,NA,NA,NA,NA,NA,NA,NA,50,30,20,0,0,"braodleaf cattail, juncus","duckweed, common watermeal","curly pondweed, euraian water milfoil",filamentous green
2021-06-21,Door Creek Stormwater 2,DCSW2,43.0966168,-89.2513815,2005,0.4,248,1.8,0.625,44.39,7.31,0.01,70.69,21.2,26.98,7.042,28.65,7.095,NA,NA,NA,NA,NA,NA,NA,80,20,0,15,1,"braodleaf cattail, juncus",NA,"curly pondweed, euraian water milfoil",filamentous green
2021-06-21,Door Creek Stormwater 3,DCSW3,43.0984653,-89.2512908,2005,1.01,479,2.26,0.8,52.33,8.23,0.005,70.73,13.4,25.75,6.425,26.16,6.262,NA,NA,NA,NA,NA,NA,NA,60,5,35,40,40,"broadleaf cattail, juncus","duckweed, common watermeal","water milfoil, coontail, curly pondweed, horned pondweed",green fillimentous
2021-06-22,Kettle Pond,KP,43.0804,-89.47911,na,0.47,265,1.25,0.29,20.77,0.87,0.056,83.33,136.8,21.51,8.33,14.19,8.408,NA,NA,NA,NA,NA,NA,NA,0,70,30,0,5,"white water lily, broad leaf cattail","duckweed, common watermeal",NA,mats of blue green algae
2021-06-22,Orchid North,O-N,43.1185821,-89.4787793,2000,0.68,433,1.2,0.275,49.46,11.55,0.025,33.61,36.1,34.29,5.521,35.66,5.862,NA,NA,NA,NA,NA,NA,NA,95,5,0,5,0,NA,pondweed,coontail,NA
2021-06-22,Orchid South,O-S,43.1168532,-89.4778901,2000,0.56,471,1.2,0.35,62.53,10.15,0.016,36.84,14.1,30.73,5.081,32.38,5.226,NA,NA,NA,NA,NA,NA,NA,78,20,2,40,0,"braodleaf cattail, juncus",duckweed,"coontail, pondweed",NA
2021-06-29,Dobson A7 Pond,DOBA7,43.0599518,-89.4994612,1995,0.83,378,2.1,0.4,34.51,3.69,0.03,44.16,92,7.515,4.719,9.42,4.825,NA,NA,NA,NA,71.953,65.474,7.886,100,0,0,0,0,NA,NA,NA,NA
2021-06-29,Hospital Pond,HP-UW,43.07849119,-89.42924194,1995,0.38,301,2.15,0.675,62.5,8.52,0.007,42.86,8.3,20.26,2.269,20.59,2.248,NA,NA,NA,NA,101.204,553.286,7.231,90,1,10,20,20,Broadleaf cattails,"duckweed,commonwatermeal, lilypad","curly pondweed, coontail, pondweed",Brown algae
2021-06-29,Owen Park Pond East,OPP-E,43.06869,-89.48714,2010,0.14,157,2,0.285,11.3,7.1,0.031,67.19,157.8,14.47,7.693,18.88,8.171,NA,NA,NA,NA,36.132,2.785,8.233,80,0,20,0,0,NA,NA,NA,NA
2021-06-29,Owen Park Pond West,OPP-W,43.06867,-89.48837,2010,0.18,224,2.76,0.375,10.47,1.96,0.021,83.78,158.2,11.33,8.862,16.68,8.431,NA,NA,NA,NA,56.81,11.122,65.152,75,5,20,0,5,broadleaf cattails,lilypads,N/A,blue green mats
2021-06-30,Dobson A8 Pond,DOBA8,43.03821381,-89.52240961,2000,0.43,259,2.3,0.75,10.22,1.71,0.009,83.02,17.8,6.559,4.172,7.378,4.07,NA,NA,NA,NA,28.782,8.515,29.341,95,0,5,5,1,NA,NA,NA,blue green mats
2021-06-30,Elver Pond,ELV,43.03801,-89.50465,1987,0.82,458,3.25,0.7,48.42,2.54,0.009,50,20.3,9.672,5.113,10.82,4.65,NA,NA,NA,NA,53.918,73.135,28.684,80,10,10,2,2,"Broadleaf arrowhead, Juncus",duckweed,"coonstail,pondweed",green filamentous
2021-06-30,Lower Mannitou,LM-ARB,43.0471358,-89.435414,1995,0.29,235,1.1,0.275,55.9,2.98,0.018,60.38,76,12.8,5.619,16.84,5.954,NA,NA,NA,NA,8.564,1.543,30.673,100,0,0,0,0,NA,NA,NA,NA
2021-06-30,Midtown Pond,MDT,43.03737383,-89.5272514,2005,0.44,367,1.75,0.725,15.47,1.83,0.009,89.66,37.4,8.175,4.769,9.054,4.85,NA,NA,NA,NA,8.324,25.762,6.028,85,5,15,10,0,"Broadleaf cattails, Juncus",NA,"coontail, pondweed, slender pondweed","greem filamentous, blue green mats"
2021-06-30,Upper Manitou,UM-ARB,43.04762,-89.43781,2014,0.56,301,1.2,0.275,55.64,2.7,0.032,71.58,108,11.84,5.666,16.28,6.054,NA,NA,NA,NA,13.736,2.605,35.025,90,10,0,5,0,"broadleaf cattails, broadleaf arrowheads, juncus, pickerelweed",NA,coontail,NA
2021-07-01,Commercial Ave. Pond,CAP,43.10708,-89.29788,1995,0.39,293,1.76,0.875,7.16,1.54,0.006,72.31,14.3,8.226,4.522,9.976,4.632,NA,NA,NA,NA,6.52,2.159,9.219,85,25,70,80,10,NA,"duckweed, common watermeal",horned pondweed,filamentous algae
2021-07-01,Door Creek Stormwater 1,DCSW1,43.0954817,-89.2514839,2005,0.34,254,2.2,1.125,28.72,4.86,0.005,65.22,18.1,21.18,5.284,21.82,5.306,NA,NA,NA,NA,13.334,19.515,40.163,90,10,0,50,40,"broadleaf cattail, juncus","duckweed, common watermeal","curly pondweed, eurasian water milfoil",filamentous green
2021-07-01,Door Creek Stormwater 2,DCSW2,43.0966168,-89.2513815,2005,0.4,248,1.8,0.825,27.48,5.05,0.007,54,NA,22.44,5.347,23.13,5.203,NA,NA,NA,NA,17.813,228.582,34.508,95,0,5,0,15,NA,small duckweed,NA,filamentous
2021-07-01,Door Creek Stormwater 3,DCSW3,43.0984653,-89.2512908,2005,1.01,479,2.26,1.775,14.96,2.26,0.003,57.69,3.6,15.07,5.294,15.35,5.129,NA,NA,NA,NA,79.78,77.444,58.56,70,30,5,40,25,"broadleaf cattail, juncus","duckweed, common watermeal","water milfoil, coontail, curly pondweed, horned pondweed",green fillimentous
2021-07-01,Dobson A4 Pond,DOBA4,43.0926581,-89.2662771,2000,0.41,409,1.75,0.375,10.71,1.4,0.016,72.41,40.2,6.183,3.583,7.539,3.782,NA,NA,NA,NA,4.621,2.647,6.992,60,40,60,0,0,"juncus, broadleaf arrowhead, broadleaf cattail",pondweed,NA,NA
2021-07-01,Dobson A5 Pond,DOBA5,43.0749804,-89.2797221,1995,0.37,270,2.15,1.05,15.99,1.6,0.011,83.54,63.7,7.413,4.251,9.897,4.317,NA,NA,NA,NA,170.883,91.609,12.225,100,0,0,0,0,NA,NA,NA,NA
2021-07-01,Orchid North,O-N,43.1185821,-89.4787793,2000,0.68,433,1.2,0.29,54.94,11.95,0.034,35.19,53.1,34.3,4.851,36.01,4.491,NA,NA,NA,NA,13.266,2.75,5.281,98,0,2,0,1,NA,pondweed,NA,NA
2021-07-01,Orchid South,O-S,43.1168532,-89.4778901,2000,0.56,471,1.2,0.45,55.93,8.9,0.024,32.53,26.8,29.75,4.649,31.1,4.439,NA,NA,NA,NA,10.878,4.146,8.536,98,0,2,10,0,NA,NA,NA,NA
2021-07-02,Alliant Center Pond,ALC,43.04651,-89.37526,1974,0.24,205,0.85,0.45,149.21,2.14,0.017,76.47,36,23.81,7.104,23.64,7.135,NA,NA,NA,NA,8.927,1.155,48.406,90,0,10,80,20,NA,NA,NA,NA
2021-07-02,Kettle Pond,KP,43.0804,-89.47911,na,0.47,265,1.25,0.35,16.68,0.82,0.03,75.51,74.3,14.76,7.614,22.07,7.404,NA,NA,NA,NA,12.141,2.416,58.672,22,90,8,0,0,NA,NA,NA,NA
2021-07-02,Lot 60 Pond,L60-UW,43.08113,-89.42701,2014,0.34,557,1.25,0.65,84.17,1.88,0.007,77.78,8.2,19.23,5.294,21.18,5.311,NA,NA,NA,NA,8.902,1.664,18.143,5,35,60,90,10,NA,NA,NA,NA
2021-07-07,Dobson A7 Pond,DOBA7,43.0599518,-89.4994612,1995,0.83,378,2.1,0.375,NA,NA,NA,NA,NA,NA,NA,NA,NA,NA,NA,NA,NA,NA,NA,NA,NA,NA,NA,NA,NA,NA,NA,NA,NA
2021-07-07,Hospital Pond,HP-UW,43.07849119,-89.42924194,1995,0.38,301,2.15,0.61,NA,NA,NA,NA,NA,NA,NA,NA,NA,NA,NA,NA,NA,NA,NA,NA,NA,NA,NA,NA,NA,NA,NA,NA,NA
2021-07-07,Kettle Pond,KP,43.0804,-89.47911,na,0.47,265,1.25,0.265,NA,NA,NA,NA,NA,NA,NA,NA,NA,NA,NA,NA,NA,NA,NA,NA,NA,NA,NA,NA,NA,NA,NA,NA,NA
2021-07-07,Lot 60 Pond,L60-UW,43.08113,-89.42701,2014,0.34,557,1.25,0.275,NA,NA,NA,NA,NA,NA,NA,NA,NA,NA,NA,NA,NA,NA,NA,NA,NA,NA,NA,NA,NA,NA,NA,NA,NA
2021-07-07,Orchid North,O-N,43.1185821,-89.4787793,2000,0.68,433,1.2,NA,NA,NA,NA,NA,NA,NA,NA,NA,NA,NA,NA,NA,NA,NA,NA,NA,NA,NA,NA,NA,NA,NA,NA,NA,NA
2021-07-07,Orchid South,O-S,43.1168532,-89.4778901,2000,0.56,471,1.2,NA,NA,NA,NA,NA,NA,NA,NA,NA,NA,NA,NA,NA,NA,NA,NA,NA,NA,NA,NA,NA,NA,NA,NA,NA,NA
2021-07-07,Owen Park Pond East,OPP-E,43.06869,-89.48714,2010,0.14,157,2,NA,NA,NA,NA,NA,NA,NA,NA,NA,NA,NA,NA,NA,NA,NA,NA,NA,NA,NA,NA,NA,NA,NA,NA,NA,NA
2021-07-07,Owen Park Pond West,OPP-W,43.06867,-89.48837,2010,0.18,224,2.76,NA,NA,NA,NA,NA,NA,NA,NA,NA,NA,NA,NA,NA,NA,NA,NA,NA,NA,NA,NA,NA,NA,NA,NA,NA,NA
2021-07-08,Alliant Center Pond,ALC,43.04651,-89.37526,1974,0.24,205,0.85,0.575,NA,NA,NA,NA,NA,NA,NA,NA,NA,NA,NA,NA,NA,NA,NA,NA,NA,NA,NA,NA,NA,NA,NA,NA,NA
2021-07-08,Commercial Ave. Pond,CAP,43.10708,-89.29788,1995,0.39,293,1.76,0.575,NA,NA,NA,NA,NA,NA,NA,NA,NA,NA,NA,NA,NA,NA,NA,NA,NA,NA,NA,NA,NA,NA,NA,NA,NA
2021-07-08,Dobson A5 Pond,DOBA5,43.0749804,-89.2797221,1995,0.37,270,2.15,1.025,NA,NA,NA,NA,NA,NA,NA,NA,NA,NA,NA,NA,NA,NA,NA,NA,NA,NA,NA,NA,NA,NA,NA,NA,NA
2021-07-08,Dobson A8 Pond,DOBA8,43.03821381,-89.52240961,2000,0.43,259,2.3,0.575,NA,NA,NA,NA,NA,NA,NA,NA,NA,NA,NA,NA,NA,NA,NA,NA,NA,NA,NA,NA,NA,NA,NA,NA,NA
2021-07-08,Elver Pond,ELV,43.03801,-89.50465,1987,0.82,458,3.25,0.55,NA,NA,NA,NA,NA,NA,NA,NA,NA,NA,NA,NA,NA,NA,NA,NA,NA,NA,NA,NA,NA,NA,NA,NA,NA
2021-07-08,Lower Mannitou,LM-ARB,43.0471358,-89.435414,1995,0.29,235,1.1,0.525,NA,NA,NA,NA,NA,NA,NA,NA,NA,NA,NA,NA,NA,NA,NA,NA,NA,NA,NA,NA,NA,NA,NA,NA,NA
2021-07-08,Midtown Pond,MDT,43.03737383,-89.5272514,2005,0.44,367,1.75,0.55,NA,NA,NA,NA,NA,NA,NA,NA,NA,NA,NA,NA,NA,NA,NA,NA,NA,NA,NA,NA,NA,NA,NA,NA,NA
2021-07-08,Upper Manitou,UM-ARB,43.04762,-89.43781,2014,0.56,301,1.2,0.375,NA,NA,NA,NA,NA,NA,NA,NA,NA,NA,NA,NA,NA,NA,NA,NA,NA,NA,NA,NA,NA,NA,NA,NA,NA
2021-07-09,Door Creek Stormwater 1,DCSW1,43.0954817,-89.2514839,2005,0.34,254,2.2,0.775,NA,NA,NA,NA,NA,NA,NA,NA,NA,NA,NA,NA,NA,NA,NA,NA,NA,NA,NA,NA,NA,NA,NA,NA,NA
2021-07-09,Door Creek Stormwater 2,DCSW2,43.0966168,-89.2513815,2005,0.4,248,1.8,0.525,NA,NA,NA,NA,NA,NA,NA,NA,NA,NA,NA,NA,NA,NA,NA,NA,NA,NA,NA,NA,NA,NA,NA,NA,NA
2021-07-09,Door Creek Stormwater 3,DCSW3,43.0984653,-89.2512908,2005,1.01,479,2.26,1.05,NA,NA,NA,NA,NA,NA,NA,NA,NA,NA,NA,NA,NA,NA,NA,NA,NA,NA,NA,NA,NA,NA,NA,NA,NA
2021-07-09,Dobson A4 Pond,DOBA4,43.0926581,-89.2662771,2000,0.41,409,1.75,0.35,NA,NA,NA,NA,NA,NA,NA,NA,NA,NA,NA,NA,NA,NA,NA,NA,NA,NA,NA,NA,NA,NA,NA,NA,NA
2021-07-12,Dobson A7 Pond,DOBA7,43.0599518,-89.4994612,1995,0.83,378,2.1,0.29,40.72,4.15,0.032,59.15,88.8,7.926,6.053,10.31,6.084,NA,NA,NA,NA,NA,NA,NA,100,0,60,10,0,NA,NA,NA,NA
2021-07-12,Owen Park Pond East,OPP-E,43.06869,-89.48714,2010,0.14,157,2,0.275,10.95,5.1,0.037,73.61,191.1,16.28,8.601,21.39,9.111,NA,NA,NA,NA,NA,NA,NA,90,0,10,2,2,NA,NA,NA,NA
2021-07-12,Owen Park Pond West,OPP-W,43.06867,-89.48837,2010,0.18,224,2.76,0.26,8.95,1.11,0.059,85.37,488.8,14.97,10.51,19.96,13.16,NA,NA,NA,NA,NA,NA,NA,NA,NA,NA,NA,NA,NA,NA,NA,NA
2021-07-13,Lot 60 Pond,L60-UW,43.08113,-89.42701,2014,0.34,557,1.25,0.45,83.44,1.42,0.019,80.36,223.3,21.22,7.797,20.91,7.57,NA,NA,NA,NA,NA,NA,NA,10,60,20,90,0,NA,NA,NA,NA
2021-07-13,Lower Mannitou,LM-ARB,43.0471358,-89.435414,1995,0.29,235,1.1,0.26,50.27,5.01,0.034,51.49,157.2,24.31,6.444,27.59,6.264,NA,NA,NA,NA,NA,NA,NA,100,0,0,5,2,NA,NA,NA,NA
2021-07-13,Upper Manitou,UM-ARB,43.04762,-89.43781,2014,0.56,301,1.2,0.29,53.51,5.08,0.031,61.17,137.3,22.17,5.953,28.45,6.297,NA,NA,NA,NA,NA,NA,NA,80,20,0,0,5,NA,NA,NA,NA
2021-07-14,Kettle Pond,KP,43.0804,-89.47911,na,0.47,265,1.25,0.35,16.95,0.98,0.082,89.31,269.8,13.96,8.767,23.11,12.75,NA,NA,NA,NA,NA,NA,NA,2,28,70,0,1,broadleaf cattails,"white lily, duckweed, common watermeal",NA,NA
2021-07-14,Orchid North,O-N,43.1185821,-89.4787793,2000,0.68,433,1.2,0.425,NA,NA,0.022,59.02,35.2,33.86,5.218,37.6,5.465,NA,NA,NA,NA,NA,NA,NA,95,0,10,0,0,NA,NA,NA,NA
2021-07-14,Orchid South,O-S,43.1168532,-89.4778901,2000,0.56,471,1.2,0.625,63.43,10.49,0.007,39.19,7.1,25.61,5.13,26.99,5.179,NA,NA,NA,NA,NA,NA,NA,60,1,40,0,0,NA,NA,NA,NA
2021-07-16,Commercial Ave. Pond,CAP,43.10708,-89.29788,1995,0.39,293,1.76,1.05,8.58,1.48,0.004,65.22,10,9.176,5.386,11.45,5.51,NA,NA,NA,NA,NA,NA,NA,20,20,60,30,10,cattails,"duckweed, common watermeal","horned pond weed, waterweed",green filamentous
2021-07-16,Dobson A4 Pond,DOBA4,43.0926581,-89.2662771,2000,0.41,409,1.75,0.325,8.12,1.69,0.026,77.78,102,6.322,4.929,9.385,5.892,NA,NA,NA,NA,NA,NA,NA,60,20,20,0,0,"flower, cattail, arrowhead, juncus",pondweed,NA,NA
2021-07-16,Dobson A5 Pond,DOBA5,43.0749804,-89.2797221,1995,0.37,270,2.15,0.575,12.72,1.65,0.026,90.7,161.2,6.956,6.474,12.5,6.948,NA,NA,NA,NA,NA,NA,NA,100,0,0,0,98,NA,NA,NA,"blue green, green filamentous almost florecent"
2021-07-19,Door Creek Stormwater 1,DCSW1,43.0954817,-89.2514839,2005,0.34,254,2.2,1.45,19.06,3.05,0.003,86.67,5.9,22.65,6.055,23.08,5.805,NA,NA,NA,NA,NA,NA,NA,45,40,15,0,5,"cattails, juncus","duckweed, common watermeal",NA,green filamentous
2021-07-19,Door Creek Stormwater 2,DCSW2,43.0966168,-89.2513815,2005,0.4,248,1.8,0.715,34.83,6.56,0.007,78.87,44.7,32.68,5.837,35.2,6.175,NA,NA,NA,NA,NA,NA,NA,75,5,20,0,20,NA,NA,"coontail, horned pondweed",green filamentous
2021-07-19,Door Creek Stormwater 3,DCSW3,43.0984653,-89.2512908,2005,1.01,479,2.26,1.4,36.48,5.98,0.004,79.49,11.7,28.83,6.229,29.91,6.095,NA,NA,NA,NA,NA,NA,NA,70,10,20,40,40,cattails,"duckweed, common watermeal","eurasian water milfoil, coontail",green filamentous
2021-07-20,Dobson A8 Pond,DOBA8,43.03821381,-89.52240961,2000,0.43,259,2.3,0.55,8.04,1.39,0.011,77.78,28.8,8.16,5.017,10.38,5.871,NA,NA,NA,NA,NA,NA,NA,85,0,15,0,15,NA,pondweed,NA,"blue green, green filamentous"
2021-07-20,Elver Pond,ELV,43.03801,-89.50465,1987,0.82,458,3.25,0.7,36.68,2.21,0.008,78.05,23.8,8.337,5.675,9.197,5.706,NA,NA,NA,NA,NA,NA,NA,88,10,2,20,5,"arrowheads, juncus",pondweed and duckweed,NA,bluegreen mats
2021-07-20,Midtown Pond,MDT,43.03737383,-89.5272514,2005,0.44,367,1.75,0.525,11.61,1.76,0.011,90.7,36,8.661,6.014,10.68,6.463,NA,NA,NA,NA,NA,NA,NA,70,5,25,5,5,"cattails, juncus",pondweed,"coontail, horned pondweed",green filamentous
2021-07-21,Alliant Center Pond,ALC,43.04651,-89.37526,1974,0.24,205,0.85,0.525,142.74,2.31,0.019,69.05,40.2,22.2,8.317,23.16,8.277,NA,NA,NA,NA,NA,NA,NA,40,30,30,49,49,"cattails, arrowheads",duckweed and common watermeal,"coontail, waterweed",green filamentous
2021-07-21,Hospital Pond,HP-UW,43.07849119,-89.42924194,1995,0.38,301,2.15,0.975,210.63,28.75,0.008,47.5,14.6,46.35,2.306,47.28,2.276,NA,NA,NA,NA,NA,NA,NA,NA,NA,NA,NA,NA,NA,NA,NA,NA
2021-07-26,Dobson A8 Pond,DOBA8,43.03821381,-89.52240961,2000,0.43,259,2.3,0.575,NA,NA,0.011,89.29,40.6,NA,NA,NA,NA,NA,NA,NA,NA,NA,NA,NA,90,0,0,10,10,NA,NA,pondweed,"green filamentous, blue green"
2021-07-26,Elver Pond,ELV,43.03801,-89.50465,1987,0.82,458,3.25,0.775,NA,NA,0.007,69.05,28.4,NA,NA,NA,NA,NA,NA,NA,NA,NA,NA,NA,NA,NA,NA,NA,NA,NA,NA,NA,NA
2021-07-26,Hospital Pond,HP-UW,43.07849119,-89.42924194,1995,0.38,301,2.15,0.735,210.63,28.75,0.012,39.77,12.1,NA,NA,NA,NA,NA,NA,NA,NA,NA,NA,NA,NA,NA,NA,NA,NA,NA,NA,NA,NA
2021-07-26,Lot 60 Pond,L60-UW,43.08113,-89.42701,2014,0.34,557,1.25,0.19,NA,NA,0.01,80,45,NA,NA,NA,NA,NA,NA,NA,NA,NA,NA,NA,0,50,50,100,0,"cattails, pickerel weed","duckweed,common watermeal",curly pondweed,NA
2021-07-26,Midtown Pond,MDT,43.03737383,-89.5272514,2005,0.44,367,1.75,0.69,NA,NA,0.008,81.82,25.4,NA,NA,NA,NA,NA,NA,NA,NA,NA,NA,NA,90,10,0,15,20,cattails,pondweed,"pondweed, coontail",green filamentous
2021-07-27,Alliant Center Pond,ALC,43.04651,-89.37526,1974,0.24,205,0.85,0.29,142.74,2.31,0.016,62.22,40,NA,NA,NA,NA,NA,NA,NA,NA,NA,NA,NA,NA,NA,NA,NA,NA,NA,NA,NA,NA
2021-07-27,Dobson A7 Pond,DOBA7,43.0599518,-89.4994612,1995,0.83,378,2.1,0.265,NA,NA,0.037,55.56,113.2,NA,NA,NA,NA,NA,NA,NA,NA,NA,NA,NA,NA,NA,NA,NA,NA,NA,NA,NA,NA
2021-07-27,Kettle Pond,KP,43.0804,-89.47911,na,0.47,265,1.25,0.43,NA,NA,0.033,74,63.3,NA,NA,NA,NA,NA,NA,NA,NA,NA,NA,NA,NA,NA,NA,NA,NA,NA,NA,NA,NA
2021-07-27,Orchid North,O-N,43.1185821,-89.4787793,2000,0.68,433,1.2,0.29,NA,NA,0.042,46.41,46.2,NA,NA,NA,NA,NA,NA,NA,NA,NA,NA,NA,NA,NA,NA,NA,NA,NA,NA,NA,NA
2021-07-27,Orchid South,O-S,43.1168532,-89.4778901,2000,0.56,471,1.2,0.825,NA,NA,0.013,43.12,28.2,NA,NA,NA,NA,NA,NA,NA,NA,NA,NA,NA,NA,NA,NA,NA,NA,NA,NA,NA,NA
2021-07-29,Commercial Ave. Pond,CAP,43.10708,-89.29788,1995,0.39,293,1.76,0.5,NA,NA,0.011,68.42,14.8,NA,NA,NA,NA,NA,NA,NA,NA,NA,NA,NA,NA,NA,NA,NA,NA,NA,NA,NA,NA
2021-07-29,Door Creek Stormwater 1,DCSW1,43.0954817,-89.2514839,2005,0.34,254,2.2,1.39,NA,NA,0.004,75,13.4,NA,NA,NA,NA,NA,NA,NA,NA,NA,NA,NA,NA,NA,NA,NA,NA,NA,NA,NA,NA
2021-07-29,Door Creek Stormwater 2,DCSW2,43.0966168,-89.2513815,2005,0.4,248,1.8,0.765,NA,NA,0.017,57.36,71.1,NA,NA,NA,NA,NA,NA,NA,NA,NA,NA,NA,NA,NA,NA,NA,NA,NA,NA,NA,NA
2021-07-29,Door Creek Stormwater 3,DCSW3,43.0984653,-89.2512908,2005,1.01,479,2.26,0.785,NA,NA,0.015,71.74,11.3,NA,NA,NA,NA,NA,NA,NA,NA,NA,NA,NA,NA,NA,NA,NA,NA,NA,NA,NA,NA
2021-07-29,Dobson A4 Pond,DOBA4,43.0926581,-89.2662771,2000,0.41,409,1.75,0.28,NA,NA,0.075,74.67,137.3,NA,NA,NA,NA,NA,NA,NA,NA,NA,NA,NA,NA,NA,NA,NA,NA,NA,NA,NA,NA
2021-07-29,Dobson A5 Pond,DOBA5,43.0749804,-89.2797221,1995,0.37,270,2.15,0.275,NA,NA,0.039,82.54,304.8,NA,NA,NA,NA,NA,NA,NA,NA,NA,NA,NA,NA,NA,NA,NA,NA,NA,NA,NA,NA
2021-07-30,Lower Mannitou,LM-ARB,43.0471358,-89.435414,1995,0.29,235,1.1,0.29,NA,NA,0.019,72.37,163.4,NA,NA,NA,NA,NA,NA,NA,NA,NA,NA,NA,NA,NA,NA,NA,NA,NA,NA,NA,NA
2021-07-30,Owen Park Pond East,OPP-E,43.06869,-89.48714,2010,0.14,157,2,0.25,NA,NA,0.042,76.62,215.2,NA,NA,NA,NA,NA,NA,NA,NA,NA,NA,NA,NA,NA,NA,NA,NA,NA,NA,NA,NA
2021-07-30,Owen Park Pond West,OPP-W,43.06867,-89.48837,2010,0.18,224,2.76,0.325,NA,NA,0.032,86.67,359.5,NA,NA,NA,NA,NA,NA,NA,NA,NA,NA,NA,NA,NA,NA,NA,NA,NA,NA,NA,NA
2021-07-30,Upper Manitou,UM-ARB,43.04762,-89.43781,2014,0.56,301,1.2,0.305,NA,NA,0.043,48.8,127.9,NA,NA,NA,NA,NA,NA,NA,NA,NA,NA,NA,NA,NA,NA,NA,NA,NA,NA,NA,NA
2021-08-02,Alliant Center Pond,ALC,43.04651,-89.37526,1974,0.24,205,0.85,NA,NA,NA,NA,NA,NA,24.41,10.19,27.13,10.5,NA,NA,NA,NA,19.015,4.66,15.43,1,20,80,50,50,NA,NA,NA,NA
2021-08-02,Lower Mannitou,LM-ARB,43.0471358,-89.435414,1995,0.29,235,1.1,0.165,37.01,5.53,0.043,65.12,76.1,23.88,6.756,29.03,7.373,NA,NA,NA,NA,35.834,2.685,8.863,NA,NA,NA,NA,NA,NA,NA,NA,NA
2021-08-02,Upper Manitou,UM-ARB,43.04762,-89.43781,2014,0.56,301,1.2,0.26,40.08,6.73,0.039,64.52,91.8,21.67,6.5,26.18,6.48,NA,NA,NA,NA,26.459,2.864,6.623,NA,NA,NA,NA,NA,NA,NA,NA,NA
2021-08-03,Dobson A7 Pond,DOBA7,43.0599518,-89.4994612,1995,0.83,378,2.1,0.255,39.18,3.95,0.035,68.57,110.6,5.917,7.081,9.279,7.811,NA,NA,NA,NA,11.245,1.157,8.638,100,0,0,0,0,NA,NA,NA,NA
2021-08-03,Elver Pond,ELV,43.03801,-89.50465,1987,0.82,458,3.25,0.64,36.25,1.57,0.01,79.49,37.7,8.789,6.003,10.45,6.703,NA,NA,NA,NA,20.382,1.977,11.597,65,20,15,0,10,NA,NA,NA,NA
2021-08-03,Kettle Pond,KP,43.0804,-89.47911,na,0.47,265,1.25,0.35,17.43,0.96,0.044,50,35.3,16.2,9.979,25.12,11.48,NA,NA,NA,NA,17.927,1.452,62.224,10,20,70,0,10,NA,lilypad and duck weed,NA,NA
2021-08-03,Orchid North,O-N,43.1185821,-89.4787793,2000,0.68,433,1.2,0.5,54.43,12.46,0.048,80.45,51,28.53,5.666,35.31,6.502,NA,NA,NA,NA,11.087,1.205,5.598,100,0,0,2,0,NA,NA,NA,NA
2021-08-03,Orchid South,O-S,43.1168532,-89.4778901,2000,0.56,471,1.2,0.565,52.19,10.09,0.044,57.33,53.3,23.27,5.239,26.79,5.497,NA,NA,NA,NA,7.617,1.197,11.695,100,0,0,30,40,NA,NA,NA,NA
2021-08-03,Owen Park Pond East,OPP-E,43.06869,-89.48714,2010,0.14,157,2,0.215,11.95,4.48,0.057,86.25,377.8,17.28,7.717,24.2,10.18,NA,NA,NA,NA,18.593,3.566,15.992,85,0,15,0,0,NA,NA,NA,NA
2021-08-03,Owen Park Pond West,OPP-W,43.06867,-89.48837,2010,0.18,224,2.76,0.295,6.25,1.55,0.046,90.14,335.1,12.76,11.58,19.36,12.21,NA,NA,NA,NA,13.995,3.924,55.976,50,10,40,0,0,NA,NA,NA,NA
2021-08-04,Commercial Ave. Pond,CAP,43.10708,-89.29788,1995,0.39,293,1.76,0.515,8.17,1.88,0.007,77.14,6.6,11.39,7.04,14.38,6.639,NA,NA,NA,NA,17.428,1.127,2.703,5,20,75,20,5,NA,NA,NA,NA
2021-08-04,Door Creek Stormwater 1,DCSW1,43.0954817,-89.2514839,2005,0.34,254,2.2,0.79,18.7,3.07,0.006,84.44,15.3,22.47,6.628,24.39,6.702,NA,NA,NA,NA,10.024,1.03,3.758,78,20,2,10,15,NA,NA,NA,NA
2021-08-04,Door Creek Stormwater 2,DCSW2,43.0966168,-89.2513815,2005,0.4,248,1.8,0.775,41.49,8.47,0.01,79,65.1,36.32,5.943,39.29,6.06,NA,NA,NA,NA,16.45,3.194,7.091,10,10,80,20,70,NA,NA,NA,NA
2021-08-04,Door Creek Stormwater 3,DCSW3,43.0984653,-89.2512908,2005,1.01,479,2.26,1.35,42.71,6.52,0.006,89.47,17.5,32.66,6.433,34.36,6.826,NA,NA,NA,NA,12.557,1.469,10.71,80,10,2,40,40,NA,NA,NA,NA
2021-08-04,Dobson A4 Pond,DOBA4,43.0926581,-89.2662771,2000,0.41,409,1.75,0.29,8.82,1.85,0.03,88.1,70.1,8.1,7.264,10.88,8.736,NA,NA,NA,NA,13.537,2.78,8.239,40,20,40,0,0,NA,NA,NA,NA
2021-08-04,Dobson A5 Pond,DOBA5,43.0749804,-89.2797221,1995,0.37,270,2.15,0.24,13.9,1.62,0.068,92.88,378.7,7.629,10.08,15.46,13.84,NA,NA,NA,NA,28.03,1.493,4.611,100,0,0,0,100,NA,NA,NA,NA
2021-08-05,Dobson A8 Pond,DOBA8,43.03821381,-89.52240961,2000,0.43,259,2.3,0.49,6.27,1.83,0.014,89.47,44,7.081,6.616,9.541,6.811,NA,NA,NA,NA,17.665,7.617,4.898,95,0,5,0,2,NA,pondweed,NA,bluegreen and green filamentous
2021-08-05,Hospital Pond,HP-UW,43.07849119,-89.42924194,1995,0.38,301,2.15,0.75,217.02,28.74,0.007,44.12,6.2,52.16,2.192,53.33,2.124,NA,NA,NA,NA,77.49,901.794,0.688,95,0,5,50,15,NA,"duckweed, very few lily pads",NA,NA
2021-08-05,Lot 60 Pond,L60-UW,43.08113,-89.42701,2014,0.34,557,1.25,0.35,94.74,1.74,0.021,69.05,52.2,27.75,9.057,35.13,9.114,NA,NA,NA,NA,195.667,2.05,9.804,0,40,60,90,10,NA,NA,NA,NA
2021-08-05,Midtown Pond,MDT,43.03737383,-89.5272514,2005,0.44,367,1.75,0.4,9.45,2.1,0.009,95.24,37.3,7.956,6.024,NA,NA,NA,NA,NA,NA,7.181,0.742,3.894,60,25,25,10,10,NA,NA,NA,NA
2022-01-12,Hospital Pond,HP-UW,43.07849119,-89.42924194,1995,0.38,301,2.15,1.5,364.4,41.44,0.003,54.84,1.9,81.54,1.404,83.32,1.359,0,7.5,7.25,0.25,65.733,1755.207,1.169,no survey,no survey,no survey,no survey,no survey,no survey,no survey,no survey,no survey
2022-01-12,Lower Mannitou,LM-ARB,43.0471358,-89.435414,1995,0.29,235,1.1,0.45,109.63,16.32,0.007,69.77,37.8,59.34,3.206,59.94,3.039,0,24,16,8,429.069,125.128,16.825,no survey,no survey,no survey,no survey,no survey,no survey,no survey,no survey,no survey
2022-01-12,Owen Park Pond East,OPP-E,43.06869,-89.48714,2010,0.14,157,2,0.1,8.26,4.47,0.026,89.39,246.6,22.7,5.518,27.7,5.88,2.5,20,7,13,548.112,60.097,25.585,no survey,no survey,no survey,no survey,no survey,no survey,no survey,no survey,no survey
2022-01-12,Owen Park Pond West,OPP-W,43.06867,-89.48837,2010,0.18,224,2.76,0.15,16.58,4.66,0.026,94.87,370,19.28,5.246,28.12,4.598,3,12,8,4,222.402,13.971,76.294,no survey,no survey,no survey,no survey,no survey,no survey,no survey,no survey,no survey
2022-01-12,Upper Manitou,UM-ARB,43.04762,-89.43781,2014,0.56,301,1.2,0.5,107.46,16.27,0.01,71.43,21.9,61.36,3.922,65.44,3.677,2.75,14,10,4,293.545,146.883,16.366,no survey,no survey,no survey,no survey,no survey,no survey,no survey,no survey,no survey
2022-01-13,Alliant Center Pond,ALC,43.04651,-89.37526,1974,0.24,205,0.85,0.8,298.58,7.73,0.003,68.18,2.3,40.94,5.995,41.3,5.868,1.41,21,19,2,63.848,8.541,10.391,no survey,no survey,no survey,no survey,no survey,no survey,no survey,no survey,no survey
2022-01-13,Commercial Ave. Pond,CAP,43.10708,-89.29788,1995,0.39,293,1.76,0.3,17.33,2.96,0.01,97.83,125.1,14.37,4.888,17.31,4.945,1.5,14,12.5,1.5,13.017,4.18,155.186,no survey,no survey,no survey,no survey,no survey,no survey,no survey,no survey,no survey
2022-01-13,Door Creek Stormwater 1,DCSW1,43.0954817,-89.2514839,2005,0.34,254,2.2,1.15,41.63,12.66,0.003,38.46,5.7,47.44,4.086,48.04,3.912,0.5,22,20,2,19.063,14.981,2.644,no survey,no survey,no survey,no survey,no survey,no survey,no survey,no survey,no survey
2022-01-13,Door Creek Stormwater 2,DCSW2,43.0966168,-89.2513815,2005,0.4,248,1.8,1.25,48.73,14.62,0.005,88,33.1,53.92,4.361,54.75,4.027,1.6,19,17,3,101.353,152.181,10.351,no survey,no survey,no survey,no survey,no survey,no survey,no survey,no survey,no survey
2022-01-13,Door Creek Stormwater 3,DCSW3,43.0984653,-89.2512908,2005,1.01,479,2.26,1.1,7.76,5.91,0.005,85.11,36.3,19.52,4.239,22.12,4.127,1.3,20,17,3,14.988,113.86,8.255,no survey,no survey,no survey,no survey,no survey,no survey,no survey,no survey,no survey
2022-01-13,Dobson A4 Pond,DOBA4,43.0926581,-89.2662771,2000,0.41,409,1.75,0.3,20.49,2.3,0.01,80,40.5,9.951,4.423,11.53,4.051,1.27,19,16,3,17.002,2.456,4.523,no survey,no survey,no survey,no survey,no survey,no survey,no survey,no survey,no survey
2022-01-13,Dobson A5 Pond,DOBA5,43.0749804,-89.2797221,1995,0.37,270,2.15,0.4,20.04,2.29,0.019,90.91,243.8,13.54,6.597,14.66,5.874,1.5,14,12,2,314.453,9.917,76.606,no survey,no survey,no survey,no survey,no survey,no survey,no survey,no survey,no survey
2022-01-13,Lot 60 Pond,L60-UW,43.08113,-89.42701,2014,0.34,557,1.25,0.9,65.73,5.32,0.005,57.89,16.7,25.28,5.071,26.52,4.895,0.15,20,17.5,2.5,17.64,6.725,8.737,no survey,no survey,no survey,no survey,no survey,no survey,no survey,no survey,no survey
2022-01-14,Dobson A7 Pond,DOBA7,43.0599518,-89.4994612,1995,0.83,378,2.1,0.45,202.35,5.5,0.007,87.1,47,14.56,3.774,16.07,3.819,0,25,20,5,34.193,82.624,2.943,no survey,no survey,no survey,no survey,no survey,no survey,no survey,no survey,no survey
2022-01-14,Dobson A8 Pond,DOBA8,43.03821381,-89.52240961,2000,0.43,259,2.3,0.95,14.64,3.83,0.002,93.33,7,22.12,3.94,23.66,3.763,3,18,14,4,412.48,167.66,40.731,no survey,no survey,no survey,no survey,no survey,no survey,no survey,no survey,no survey
2022-01-14,Elver Pond,ELV,43.03801,-89.50465,1987,0.82,458,3.25,0.45,27.29,3.95,0.004,86.36,44,13.66,4.181,14.38,3.908,1.5,21,14,7,97.815,86.186,13.974,no survey,no survey,no survey,no survey,no survey,no survey,no survey,no survey,no survey
2022-01-14,Kettle Pond,KP,43.0804,-89.47911,na,0.47,265,1.25,0.1,29.72,1.11,0.076,35.85,246.5,26.92,9.109,44.54,10.7,2,20,15,5,24.985,9.355,31.045,no survey,no survey,no survey,no survey,no survey,no survey,no survey,no survey,no survey
2022-01-14,Midtown Pond,MDT,43.03737383,-89.5272514,2005,0.44,367,1.75,0.45,19.73,3.43,0.012,91.18,132.4,16.22,3.957,19.57,3.628,3,23,21,2,21.583,19.863,15.353,no survey,no survey,no survey,no survey,no survey,no survey,no survey,no survey,no survey
2022-01-14,Orchid North,O-N,43.1185821,-89.4787793,2000,0.68,433,1.2,0.55,52.07,15.93,0.006,95,11.6,51.03,4.343,53.26,4.087,0,19,14,5,100.265,1074.249,1.45,no survey,no survey,no survey,no survey,no survey,no survey,no survey,no survey,no survey
2022-01-14,Orchid South,O-S,43.1168532,-89.4778901,2000,0.56,471,1.2,0.75,63.95,8.73,0.002,70.83,3.4,43.18,5.104,44.12,5.1,0,24,12,12,40.066,174.008,3.764,no survey,no survey,no survey,no survey,no survey,no survey,no survey,no survey,no survey
2022-01-27,Alliant Center Pond,ALC,43.04651,-89.37526,1974,0.24,205,0.85,0.4,384.66,7.32,0.01,89.47,32.6,52.41,8.016,55.78,7.764,4.5,30.5,23.5,7,66.97,16.06,5.153,no survey,no survey,no survey,no survey,no survey,no survey,no survey,no survey,no survey
2022-01-27,Commercial Ave. Pond,CAP,43.10708,-89.29788,1995,0.39,293,1.76,0.5,35.52,2.59,0.021,90.48,288.4,16.88,6.224,23.68,6.34,8.5,23.5,21,2.5,24.086,3.046,103.737,no survey,no survey,no survey,no survey,no survey,no survey,no survey,no survey,no survey
2022-01-27,Door Creek Stormwater 1,DCSW1,43.0954817,-89.2514839,2005,0.34,254,2.2,1.8,47.03,12.89,0.002,93.75,9.5,52.86,4.836,53.77,4.769,8,31.5,27.5,4,171.554,40.906,4.6,no survey,no survey,no survey,no survey,no survey,no survey,no survey,no survey,no survey
2022-01-27,Door Creek Stormwater 2,DCSW2,43.0966168,-89.2513815,2005,0.4,248,1.8,1.2,52.59,14.11,0.011,94.34,132.7,58.52,4.599,63.56,5.2,8,27,24,3,194.792,96.451,13.047,no survey,no survey,no survey,no survey,no survey,no survey,no survey,no survey,no survey
2022-01-27,Door Creek Stormwater 3,DCSW3,43.0984653,-89.2512908,2005,1.01,479,2.26,1.15,9.4,5.77,0.003,51.72,18.8,21.68,5.12,22.37,4.774,8.9,28.5,25.5,3,69.541,76.687,7.905,no survey,no survey,no survey,no survey,no survey,no survey,no survey,no survey,no survey
2022-01-27,Dobson A4 Pond,DOBA4,43.0926581,-89.2662771,2000,0.41,409,1.75,0.4,23.75,2.15,0.029,95.74,753.2,13.88,4.985,20.81,5.853,9,27.5,23,4.5,36.365,4.725,26.839,no survey,no survey,no survey,no survey,no survey,no survey,no survey,no survey,no survey
2022-01-27,Dobson A5 Pond,DOBA5,43.0749804,-89.2797221,1995,0.37,270,2.15,0.7,22.22,2.05,0.018,89.58,218.7,16.13,7.163,22.94,7.881,8.1,21,16,5,792.261,4.891,94.333,no survey,no survey,no survey,no survey,no survey,no survey,no survey,no survey,no survey
2022-01-30,Dobson A8 Pond,DOBA8,43.03821381,-89.52240961,2000,0.43,259,2.3,1.25,22.71,5.14,0.003,92.31,8,28.45,3.466,30.5,3.282,11,23,20,3,636.464,132.561,23.025,no survey,no survey,no survey,no survey,no survey,no survey,no survey,no survey,no survey
2022-01-30,Elver Pond,ELV,43.03801,-89.50465,1987,0.82,458,3.25,0.35,27.57,3.25,0.011,78.57,257.4,13.93,4.076,18.79,4.414,8,31,25.5,5.5,103.32,82.936,25.333,no survey,no survey,no survey,no survey,no survey,no survey,no survey,no survey,no survey
2022-01-30,Kettle Pond,KP,43.0804,-89.47911,na,0.47,265,1.25,0.15,43.66,0.94,0.125,40,495.7,42.24,12.33,71.4,17.06,0,32,27,5,780.96,14.687,50.096,no survey,no survey,no survey,no survey,no survey,no survey,no survey,no survey,no survey
2022-01-30,Midtown Pond,MDT,43.03737383,-89.5272514,2005,0.44,367,1.75,0.45,28.31,3.66,0.02,82.93,249.8,19.21,4.352,25.8,4.688,8,31,25,6,92.995,7.905,14.51,no survey,no survey,no survey,no survey,no survey,no survey,no survey,no survey,no survey
2022-01-30,Orchid North,O-N,43.1185821,-89.4787793,2000,0.68,433,1.2,0.55,63.02,19.1,0.005,52.63,19.7,60.39,4.919,62.08,4.866,0,37,33.5,3.5,46.827,1158.998,2.124,no survey,no survey,no survey,no survey,no survey,no survey,no survey,no survey,no survey
2022-01-30,Orchid South,O-S,43.1168532,-89.4778901,2000,0.56,471,1.2,0.35,65.88,11.05,0.013,22.34,14.7,52.75,5.657,53.65,5.353,6.5,35,29,6,21.966,296.633,4.196,no survey,no survey,no survey,no survey,no survey,no survey,no survey,no survey,no survey
2022-01-31,Dobson A7 Pond,DOBA7,43.0599518,-89.4994612,1995,0.83,378,2.1,0.75,295.189,7.15,0.008,92.68,63.1,19.36,5.002,21.69,5.323,6,39,33,6,135.638,94.844,6.166,no survey,no survey,no survey,no survey,no survey,no survey,no survey,no survey,no survey
2022-01-31,Hospital Pond,HP-UW,43.07849119,-89.42924194,1995,0.38,301,2.15,1.45,342.84,41.27,0.002,40.91,5.3,81.8,1.33,83.31,1.287,6,22,21.5,0.5,78.165,1674.41,0.895,no survey,no survey,no survey,no survey,no survey,no survey,no survey,no survey,no survey
2022-01-31,Lot 60 Pond,L60-UW,43.08113,-89.42701,2014,0.34,557,1.25,0.25,93.96,4.49,0.018,59.09,46.2,29.74,5.712,35.79,5.752,7.5,27,21,6,15.949,10.881,9.948,no survey,no survey,no survey,no survey,no survey,no survey,no survey,no survey,no survey
2022-01-31,Lower Mannitou,LM-ARB,43.0471358,-89.435414,1995,0.29,235,1.1,0.6,138.65,20.38,0.006,92.31,39.9,78.81,2.717,82.96,2.894,0,42,22,20,557.806,40.02,4.778,no survey,no survey,no survey,no survey,no survey,no survey,no survey,no survey,no survey
2022-01-31,Owen Park Pond East,OPP-E,43.06869,-89.48714,2010,0.14,157,2,0.4,8.25,3.49,0.041,93.44,601.6,25.09,7.016,34.86,8.691,10,25,19,6,1048.83,28.244,47.889,no survey,no survey,no survey,no survey,no survey,no survey,no survey,no survey,no survey
2022-01-31,Owen Park Pond West,OPP-W,43.06867,-89.48837,2010,0.18,224,2.76,0.3,44.86,7.21,0.035,69.39,366,27.12,5.46,36.05,5.569,0,25,20,5,292.294,56.141,45.736,no survey,no survey,no survey,no survey,no survey,no survey,no survey,no survey,no survey
2022-01-31,Upper Manitou,UM-ARB,43.04762,-89.43781,2014,0.56,301,1.2,0.5,132.63,19.7,0.008,56.67,5.5,75.63,3.366,82.82,3.723,3,25,16,9,446.221,64.143,4.045,no survey,no survey,no survey,no survey,no survey,no survey,no survey,no survey,no survey
2022-02-09,Alliant Center Pond,ALC,43.04651,-89.37526,1974,0.24,205,0.85,0.5,430.87,4.66,0.041,51.72,40.8,61.61,8.842,69.49,9.186,2,33,30.5,2.5,330.097,5.536,1.633,no survey,no survey,no survey,no survey,no survey,no survey,no survey,no survey,no survey
2022-02-09,Commercial Ave. Pond,CAP,43.10708,-89.29788,1995,0.39,293,1.76,0.25,136.75,3.91,0.032,84.62,389.8,19,7.084,26.9,9.313,0,33.5,29,4.5,32.673,3.883,66.985,no survey,no survey,no survey,no survey,no survey,no survey,no survey,no survey,no survey
2022-02-09,Door Creek Stormwater 1,DCSW1,43.0954817,-89.2514839,2005,0.34,254,2.2,2,47.51,12.93,0.001,40,3.2,57.17,4.696,58.51,4.21,1.15,37,34,3,407.339,41.459,3.695,no survey,no survey,no survey,no survey,no survey,no survey,no survey,no survey,no survey
2022-02-09,Door Creek Stormwater 2,DCSW2,43.0966168,-89.2513815,2005,0.4,248,1.8,1.2,54.97,14.31,0.002,80,10.3,65.87,5.07,67.36,5.069,2,37,32,5,544.376,78.993,4.594,no survey,no survey,no survey,no survey,no survey,no survey,no survey,no survey,no survey
2022-02-09,Door Creek Stormwater 3,DCSW3,43.0984653,-89.2512908,2005,1.01,479,2.26,1.4,14.18,5.83,0.004,46.34,22.8,23.65,5.194,24.47,5.179,0.4,35,30.5,4.5,204.359,73.603,5.461,no survey,no survey,no survey,no survey,no survey,no survey,no survey,no survey,no survey
2022-02-09,Dobson A4 Pond,DOBA4,43.0926581,-89.2662771,2000,0.41,409,1.75,0.12,27.71,1.78,0.07,80,632.8,16.13,6.317,22.55,7.155,1.75,33.5,31.5,2,55.818,47.815,54.767,no survey,no survey,no survey,no survey,no survey,no survey,no survey,no survey,no survey
2022-02-09,Dobson A5 Pond,DOBA5,43.0749804,-89.2797221,1995,0.37,270,2.15,0.3,23.11,1.75,0.02,90.16,265.7,17.11,7.037,21.95,8.423,1.25,28,24,4,719.164,4.8,54.893,no survey,no survey,no survey,no survey,no survey,no survey,no survey,no survey,no survey
2022-02-09,Hospital Pond,HP-UW,43.07849119,-89.42924194,1995,0.38,301,2.15,1.5,321.97,39.95,0.002,73.33,7,79.85,1.333,81.32,1.215,0.15,24,24,0,47.537,1755.655,0.746,no survey,no survey,no survey,no survey,no survey,no survey,no survey,no survey,no survey
2022-02-09,Lot 60 Pond,L60-UW,43.08113,-89.42701,2014,0.34,557,1.25,0.3,114.71,3.87,0.031,74.55,155.3,32.16,5.683,40.79,6.467,0.5,35,33.5,1.5,22.482,26.553,5.56,no survey,no survey,no survey,no survey,no survey,no survey,no survey,no survey,no survey
2022-02-10,Dobson A8 Pond,DOBA8,43.03821381,-89.52240961,2000,0.43,259,2.3,1.2,24.71,4.9,0.003,86.96,6.4,30.48,3.42,32.09,3.331,6.5,28.5,23.5,5,745.798,50.276,21.484,no survey,no survey,no survey,no survey,no survey,no survey,no survey,no survey,no survey
2022-02-10,Elver Pond,ELV,43.03801,-89.50465,1987,0.82,458,3.25,0.4,26.38,3.49,0.007,71.43,89.9,14.05,4.265,15.32,4.045,4,36.4,32.6,3.8,17.84,70.214,11.464,no survey,no survey,no survey,no survey,no survey,no survey,no survey,no survey,no survey
2022-02-10,Kettle Pond,KP,43.0804,-89.47911,na,0.47,265,1.25,0.1,50.08,1.05,0.241,33.77,268.8,51.84,14.26,91.72,15.97,6.5,36,29,7,2008.319,13.778,7.34,no survey,no survey,no survey,no survey,no survey,no survey,no survey,no survey,no survey
2022-02-10,Midtown Pond,MDT,43.03737383,-89.5272514,2005,0.44,367,1.75,0.4,37.7,4.09,0.018,85.96,160,20.62,3.948,25.2,4.512,4,34.5,30,4.5,62.196,12.446,27.393,no survey,no survey,no survey,no survey,no survey,no survey,no survey,no survey,no survey
2022-02-10,Orchid North,O-N,43.1185821,-89.4787793,2000,0.68,433,1.2,0.5,56.25,17.31,0.008,30.77,11.1,56.1,4.274,59.04,4.044,3,33,27.5,5.5,17.898,951.925,1.402,no survey,no survey,no survey,no survey,no survey,no survey,no survey,no survey,no survey
2022-02-10,Orchid South,O-S,43.1168532,-89.4778901,2000,0.56,471,1.2,0.45,67.78,10.1,0.011,20.37,5.8,55.85,5.517,56.44,5.461,0,38,32.5,5.5,21.881,278.107,2.165,no survey,no survey,no survey,no survey,no survey,no survey,no survey,no survey,no survey
2022-02-11,Dobson A7 Pond,DOBA7,43.0599518,-89.4994612,1995,0.83,378,2.1,0.25,370.68,7.34,0.005,76,18.8,19.46,4.762,21.98,4.369,0.1,43,38,5,388.959,186.972,3.028,no survey,no survey,no survey,no survey,no survey,no survey,no survey,no survey,no survey
2022-02-11,Lower Mannitou,LM-ARB,43.0471358,-89.435414,1995,0.29,235,1.1,0.5,183.91,22.24,0.011,45.45,18.8,75.54,2.755,81.87,2.826,0,47,29,18,568.942,90.638,1.823,no survey,no survey,no survey,no survey,no survey,no survey,no survey,no survey,no survey
2022-02-11,Owen Park Pond East,OPP-E,43.06869,-89.48714,2010,0.14,157,2,0.33,9.52,2.41,0.033,82.22,451.2,25.16,6.813,33.26,7.845,6,28,24,4,913.025,8.616,12.981,no survey,no survey,no survey,no survey,no survey,no survey,no survey,no survey,no survey
2022-02-11,Owen Park Pond West,OPP-W,43.06867,-89.48837,2010,0.18,224,2.76,0.33,46.68,5.82,0.04,72.5,466.8,30.1,5.176,38.85,6.159,4,29.5,23.5,6,319.599,12.276,18.041,no survey,no survey,no survey,no survey,no survey,no survey,no survey,no survey,no survey
2022-02-11,Upper Manitou,UM-ARB,43.04762,-89.43781,2014,0.56,301,1.2,0.5,208.44,22.91,0.007,51.52,15,83.17,3.926,90.79,3.475,0,30,22,8,472.55,227.635,1.901,no survey,no survey,no survey,no survey,no survey,no survey,no survey,no survey,no survey